Workbook

Sheet Descripciones
A1: PARÁMETROS DE DESCARGA AUTOMÁTICA DESDE GPS
A2: Xm (E-UTM) | B2: Easting UTM del punto de ubicación de antena DGPS.
A3: Ym (N-UTM) | B3: Northing UTM del punto de ubicación de antena DGPS.
A4: Zm (WGS84) | B4: Altitud sobre elipsoide WGS84 del punto de ubicación de antena DGPS.
A5: Tipo punto | B5: Código (propio nuestro) punto DGPS: RTK=Real Time Kinematics, RTCM=Estándar de la "Radio Technical Commission for Maritime Services", PP=Post-proceso.
A6: D ant | B6: Altura de la antena DGPS respecto al punto que se desea medir (en nuestro caso, la parte superior de la estaca de medida, sea la estaca real o la auxiliar). Se utiliza para corregir por la altura del adaptador de antena o la diferencia de altura de distintos tipos de antena (en versiones anteriores, era un parámetro de descarga automática desde el GPS pero ahora es un parámetro de anotación manual; ésta es la razón de su ubicación en la hoja -se ha mantenido la original-, aunque se ha cambiado el código de color del campo, para hacerlo coincidir con el de parámetro de anotación manual).
A7: Xr (E-UTM) | B7: Easting UTM del punto base DGPS respecto al que se ha tomado la medida.
A8: Yr (N-UTM) | B8: Northing UTM del punto base DGPS respecto al que se ha tomado la medida.
A9: Zr (WGS84) | B9: Altitud sobre el elipsoide WGS84 del punto base DGPS respecto al que se ha tomado la medida.
A11: PARÁMETROS MEDIDOS EN CAMPO
A12: he(m) | B12: Distancia desde el nivel de la superficie de la nieve hasta el extremo superior de la estaca real, medido a lo largo de longitud de ésta, esté vertical o inclinada (positivo para estaca que aflora; negativo para estaca hundida).
A13: hm(m) | B13: Distancia desde el nivel de la superficie de la nieve hasta el extremo superior de la estaca en la que se efectúa la medida DGPS, sea la propia estaca o una estaca auxiliar (DEBE SER SIEMPRE POSITIVO, para que la antena "vea" a los satélites).
A14: e(deg) | B14: Ángulo de elevación (en grados sexagesimales, de 0 a 90º) de la estaca respecto a la horizontal. Es el complementario del ángulo cenital (o desviación respecto a la vertical).
A15: fm(deg) | B15: Rumbo (en grados sexagesimales, 0 a 360º) de la estaca inclinada, medido desde el norte magnético en sentido de las agujas del reloj (denominado retrógrado). En la hoja de cálculo se convertirá a azimut geográfico, teniendo en cuenta la declinación magnética (13º Este en Livingston, positivo a efectos de cálculo) y convergencia de cuadrícula (2,3º aprox en Johnsons.Hurd).
A16: a(deg) | B16: Pendiente (en grados sexagesimales, de 0 a 90º) de la superficie del glaciar en la dirección de la inclinación de la estaca (sólo necesario para estacas inclinadas en zonas de pendiente apreciable de la superficie).
A17: H (m) valores individuales | B17: Espesor de nieve junto a la estaca, medido con sonda de nieve. Se toman varios valores, al menos cinco si son parecidos, e incluso más si difieren significativamente (los rehielos pueden falsear esta medida). Si un número de ellos tienen valores similares y otros difieren significativamente, sólo los primeros se utilizarán para la media, pero todos los valores quedarán registrados (separados en utilizados y no utilizados en la media).
A18: l(m) | B18: Longitud total de la estaca (incluyendo parte enterrada). Para estaca ampliada uniendo un tramo a una estaca existente, sólo longitud del último tramo.
A20: PARÁMETROS CALCULADOS AUTOMÁTICAMENTE EN LA HOJA
A21: H(m) | B21: Media de los valores del espesor de nieve H.
A22: l(m) | B22: Ver definición en "párámetros de anotación manual". Para estacas inclinadas en zona de ablación, si l no se conoce se estima automáticamente.
A23: h(m) | B23: Distancia desde el nivel de la superficie de la nieve hasta el extremo superior de la estaca vertical (si estuviera inclinada, tras devolverla virtualmente a la posición vertical). Para estaca vertical, coincide con he.
A24: X,Y,Z | B24: Coordenadas X, (Easting) e Y (Northing) UTM y altitud, sobre el elipsoide WGS84, del extremo superior de la estaca.
A25: Dh (m) | B25: Dh=h(hoja mto.)-h(hoja ordinaria), cambio de la longitud de la estaca al efectuar mantenimiento (positivo, si extensión; negativo, si replantado). Se calcula en la hoja de mantenimiento.

Sheet Estacas Hurd
A1: Campaña | B1: 2023-2024 | C1: Tanda | D1: a | E1: Operador | F1: Ricardo Rodríguez Cielos | G1: Instrumento | H1: Trimble R8S+TSC3(bluetooth) | L1: X0,Y0,Z0 | M1: 633905.23 | N1: 3049240.4 | O1: =56.39-0.11 -> 56.28 | P1: Estacas HURD 1ª fase 2023/2024
A2: Id. estaca | B2: Fecha | C2: Hora (UT) | D2: ¿Mto.? | E2: PreMtoFecha | F2: PreMtoHora | G2: Fichero fuente | H2: Xm (E-UTM) | I2: Ym (N-UTM) | J2: Zm (WGS84) | K2: Código | L2: Dant | M2: Xr (E-UTM) | N2: Yr (N-UTM) | O2: Zr (WGS84) | P2: Comentarios sobre medida GPS | Q2: he (m) | R2: hm (m) | S2: e(deg) | T2: fm(deg) | Y2: H usados en media (m) | AH2: H no usados en media (m) | AM2: H (m) | AN2: l (m) | AO2: Comentarios medidas manuales | AP2: Recursos gráficos asociados | AQ2: h (m) | AR2: X (E-UTM) | AS2: Y (N-UTM) | AT2: Z (WGS84) | AU2: ¿40? | AV2: Coment. sobre medida corregida | AX2: a(deg)
B3: dd-mm-aa | C3: hh:mm | D3: Dejar NO | E3: Dejar vacío | F3: Dejar vacío | H3: xxxxxx,xx | I3: yyyyyyy,yy | J3: zzz,zz | M3: xxxxxx,xxx | N3: yyyyyyy,yyy | O3: zzz,zzz | Q3: hh,hh | R3: hh,hh | S3: g | T3: g | U3: H1 | V3: H2 | W3: H3 | X3: H4 | Y3: H5 | Z3: H6 | AA3: H7 | AB3: H8 | AC3: H9 | AD3: H1 | AE3: H2 | AF3: H3 | AG3: H4 | AH3: H5 | AI3: H6 | AJ3: H7 | AK3: H8 | AL3: H9 | AM3: HH,HH | AN3: ll,ll | AQ3: hh,hh | AR3: xxxxxx,xx | AS3: yyyyyyy,yy | AT3: zzz,zz
A5: EH01 | B5: 03-01-24 | C5: 13:53 | D5: NO | G5: rrc_20240103_gla | H5: 634703.47 | I5: 3046967.8 | J5: 354.349 | K5: RTK | L5: 1.96 | M5: 633905.23 | N5: 3049240.4 | O5: 56.39 | P5: Altura antena 1,96 incluida en Zm vía data controller; por eso se corrigen en Excel Delta_ant y hm | Q5: 0.11 | R5: 2.07 | S5: 90 | U5: 1.75 | V5: 1.78 | W5: 1.85 | X5: 1.65 | Y5: 1.82 | AM5: =AVERAGE(U5:AC5) -> 1.77 | AN5: 3.67 | AQ5: =AN5-(AN5-Q5)*(SIN((S5+AX5)*PI()/180))/(COS(AX5*PI()/180)) -> 0.11 | AR5: =H5+($M$1-M5)-(AN5-Q5)*(COS(S5*PI()/180))*(SIN((T5+13+2.3)*PI()/180)) -> 634703.47 | AS5: =I5+($N$1-N5)-(AN5-Q5)*(COS(S5*PI()/180))*(COS((T5+13+2.3)*PI()/180)) -> 3046967.8 | AT5: =J5+($O$1-O5)-R5+AN5-(AN5-Q5)*(SIN(S5*PI()/180))-L5 -> 350.319
A6: EH02 | B6: 03-01-24 | C6: 14:10 | D6: NO | G6: rrc_20240103_gla | H6: 634294.31 | I6: 3046968.7 | J6: 334.372 | K6: RTK | L6: 1.96 | M6: 633905.23 | N6: 3049240.4 | O6: 56.39 | P6: Altura antena 1,96 incluida en Zm vía data controller; por eso se corrigen en Excel Delta_ant y hm | Q6: 0.31 | R6: 2.27 | S6: 90 | U6: 2.1 | V6: 2.05 | W6: 2 | X6: 2.1 | Y6: 2.05 | AM6: =AVERAGE(U6:AC6) -> 2.06 | AN6: 3.67 | AQ6: =AN6-(AN6-Q6)*(SIN((S6+AX6)*PI()/180))/(COS(AX6*PI()/180)) -> 0.31 | AR6: =H6+($M$1-M6)-(AN6-Q6)*(COS(S6*PI()/180))*(SIN((T6+13+2.3)*PI()/180)) -> 634294.31 | AS6: =I6+($N$1-N6)-(AN6-Q6)*(COS(S6*PI()/180))*(COS((T6+13+2.3)*PI()/180)) -> 3046968.7 | AT6: =J6+($O$1-O6)-R6+AN6-(AN6-Q6)*(SIN(S6*PI()/180))-L6 -> 330.342
A7: EH03 | B7: 03-01-24 | C7: 14:21 | D7: NO | G7: rrc_20240103_gla | H7: 633935.57 | I7: 3046873.7 | J7: 314.761 | K7: RTK | L7: 1.96 | M7: 633905.23 | N7: 3049240.4 | O7: 56.39 | P7: Altura antena 1,96 incluida en Zm vía data controller; por eso se corrigen en Excel Delta_ant y hm | Q7: 0.03 | R7: 1.99 | S7: 90 | U7: 1.95 | V7: 1.9 | W7: 1.9 | X7: 2 | Y7: 2 | AM7: =AVERAGE(U7:AC7) -> 1.95 | AN7: 3.67 | AQ7: =AN7-(AN7-Q7)*(SIN((S7+AX7)*PI()/180))/(COS(AX7*PI()/180)) -> 0.03 | AR7: =H7+($M$1-M7)-(AN7-Q7)*(COS(S7*PI()/180))*(SIN((T7+13+2.3)*PI()/180)) -> 633935.57 | AS7: =I7+($N$1-N7)-(AN7-Q7)*(COS(S7*PI()/180))*(COS((T7+13+2.3)*PI()/180)) -> 3046873.7 | AT7: =J7+($O$1-O7)-R7+AN7-(AN7-Q7)*(SIN(S7*PI()/180))-L7 -> 310.731
A8: EH04 | B8: 03-01-24 | C8: 14:31 | D8: NO | G8: rrc_20240103_gla | H8: 633559.76 | I8: 3046667 | J8: 282.94 | K8: RTK | L8: 1.96 | M8: 633905.23 | N8: 3049240.4 | O8: 56.39 | P8: Altura antena 1,96 incluida en Zm vía data controller; por eso se corrigen en Excel Delta_ant y hm | Q8: 0.3 | R8: 2.26 | S8: 90 | U8: 1.85 | V8: 1.85 | W8: 1.85 | X8: 1.83 | Y8: 1.82 | AM8: =AVERAGE(U8:AC8) -> 1.84 | AN8: 3.67 | AQ8: =AN8-(AN8-Q8)*(SIN((S8+AX8)*PI()/180))/(COS(AX8*PI()/180)) -> 0.3 | AR8: =H8+($M$1-M8)-(AN8-Q8)*(COS(S8*PI()/180))*(SIN((T8+13+2.3)*PI()/180)) -> 633559.76 | AS8: =I8+($N$1-N8)-(AN8-Q8)*(COS(S8*PI()/180))*(COS((T8+13+2.3)*PI()/180)) -> 3046667 | AT8: =J8+($O$1-O8)-R8+AN8-(AN8-Q8)*(SIN(S8*PI()/180))-L8 -> 278.91
A9: EH05 | B9: 03-01-24 | C9: 14:39 | D9: NO | G9: rrc_20240103_gla | H9: 633270.7 | I9: 3046419.7 | J9: 262.392 | K9: RTK | L9: 0.001 | M9: 633905.23 | N9: 3049240.4 | O9: 56.39 | P9: Altura antena 0,001 incluida en Zm vía data controller; por eso se corrigen en Excel Delta_ant y hm. Sobre estaca | Q9: 1.03 | R9: 1.031 | S9: 90 | U9: 1.23 | V9: 1.25 | W9: 1.2 | X9: 1.22 | Y9: 1.23 | AM9: =AVERAGE(U9:AC9) -> 1.226 | AN9: 3.67 | AQ9: =AN9-(AN9-Q9)*(SIN((S9+AX9)*PI()/180))/(COS(AX9*PI()/180)) -> 1.03 | AR9: =H9+($M$1-M9)-(AN9-Q9)*(COS(S9*PI()/180))*(SIN((T9+13+2.3)*PI()/180)) -> 633270.7 | AS9: =I9+($N$1-N9)-(AN9-Q9)*(COS(S9*PI()/180))*(COS((T9+13+2.3)*PI()/180)) -> 3046419.7 | AT9: =J9+($O$1-O9)-R9+AN9-(AN9-Q9)*(SIN(S9*PI()/180))-L9 -> 262.28
A10: EH06 | B10: 03-01-24 | C10: 14:47 | D10: NO | G10: rrc_20240103_gla | H10: 632986.36 | I10: 3046150.6 | J10: 214.308 | K10: RTK | L10: 1.96 | M10: 633905.23 | N10: 3049240.4 | O10: 56.39 | P10: Altura antena 1,96 incluida en Zm vía data controller; por eso se corrigen en Excel Delta_ant y hm | Q10: 0.14 | R10: 2.1 | S10: 90 | U10: 0.86 | V10: 0.9 | W10: 0.96 | X10: 0.85 | Y10: 0.9 | AM10: =AVERAGE(U10:AC10) -> 0.894 | AN10: 3.67 | AQ10: =AN10-(AN10-Q10)*(SIN((S10+AX10)*PI()/180))/(COS(AX10*PI()/180)) -> 0.14 | AR10: =H10+($M$1-M10)-(AN10-Q10)*(COS(S10*PI()/180))*(SIN((T10+13+2.3)*PI()/180)) -> 632986.36 | AS10: =I10+($N$1-N10)-(AN10-Q10)*(COS(S10*PI()/180))*(COS((T10+13+2.3)*PI()/180)) -> 3046150.6 | AT10: =J10+($O$1-O10)-R10+AN10-(AN10-Q10)*(SIN(S10*PI()/180))-L10 -> 210.278
A11: EH07
A12: EH08
A13: EH09
A14: EH10 | B14: 03-01-24 | C14: 13:38 | D14: NO | G14: rrc_20240103_gla | H14: 634151.66 | I14: 3047372.5 | J14: 314.997 | K14: RTK | L14: 1.96 | M14: 633905.23 | N14: 3049240.4 | O14: 56.39 | P14: Altura antena 1,96 incluida en Zm vía data controller; por eso se corrigen en Excel Delta_ant y hm. A ras de nieve, pero se pone 0,01 para evitar errores | Q14: 0.01 | R14: 1.97 | S14: 90 | U14: 1.98 | V14: 2.02 | W14: 1.95 | X14: 1.94 | Y14: 2.05 | AM14: =AVERAGE(U14:AC14) -> 1.988 | AN14: 3.67 | AQ14: =AN14-(AN14-Q14)*(SIN((S14+AX14)*PI()/180))/(COS(AX14*PI()/180)) -> 0.01 | AR14: =H14+($M$1-M14)-(AN14-Q14)*(COS(S14*PI()/180))*(SIN((T14+13+2.3)*PI()/180)) -> 634151.66 | AS14: =I14+($N$1-N14)-(AN14-Q14)*(COS(S14*PI()/180))*(COS((T14+13+2.3)*PI()/180)) -> 3047372.5 | AT14: =J14+($O$1-O14)-R14+AN14-(AN14-Q14)*(SIN(S14*PI()/180))-L14 -> 310.967
A15: EH11 | B15: 03-01-24 | C15: 16:59 | D15: NO | G15: rrc_20240103_gla | H15: 633792.12 | I15: 3047682.5 | J15: 289.689 | K15: RTK | L15: 0 | M15: 633905.23 | N15: 3049240.4 | O15: 56.39 | P15: Altura antena 0,001 incluida en Zm vía data controller; por eso se corrigen en Excel Delta_ant y hm. Sobre estaca | Q15: 1.29 | R15: 1.29 | S15: 90 | U15: 1 | V15: 1 | W15: 0.95 | X15: 0.95 | Y15: 1 | AM15: =AVERAGE(U15:AC15) -> 0.98 | AN15: 3.67 | AQ15: =AN15-(AN15-Q15)*(SIN((S15+AX15)*PI()/180))/(COS(AX15*PI()/180)) -> 1.29 | AR15: =H15+($M$1-M15)-(AN15-Q15)*(COS(S15*PI()/180))*(SIN((T15+13+2.3)*PI()/180)) -> 633792.12 | AS15: =I15+($N$1-N15)-(AN15-Q15)*(COS(S15*PI()/180))*(COS((T15+13+2.3)*PI()/180)) -> 3047682.5 | AT15: =J15+($O$1-O15)-R15+AN15-(AN15-Q15)*(SIN(S15*PI()/180))-L15 -> 289.579
A16: EH12
A17: EH13
A18: EH14
A19: EH15
A20: EH16
A21: EH17
A22: EH18
A23: EH19
A24: EH20 | B24: 04-01-24 | C24: 16:52 | D24: NO | G24: rrc_20240104_gla | H24: 634601.78 | I24: 3046411.7 | J24: 323.513 | K24: RTK | L24: 1.1 | M24: 633905.23 | N24: 3049240.4 | O24: 56.39 | P24: Altura antena 1,1 incluida en Zm vía data controller; por eso se corrigen en Excel Delta_ant y hm | Q24: 0.2 | R24: 1.3 | S24: 90 | U24: 1.7 | V24: 1.75 | W24: 1.7 | X24: 1.83 | Y24: 1.8 | AM24: =AVERAGE(U24:AC24) -> 1.756 | AN24: 3.67 | AQ24: =AN24-(AN24-Q24)*(SIN((S24+AX24)*PI()/180))/(COS(AX24*PI()/180)) -> 0.2 | AR24: =H24+($M$1-M24)-(AN24-Q24)*(COS(S24*PI()/180))*(SIN((T24+13+2.3)*PI()/180)) -> 634601.78 | AS24: =I24+($N$1-N24)-(AN24-Q24)*(COS(S24*PI()/180))*(COS((T24+13+2.3)*PI()/180)) -> 3046411.7 | AT24: =J24+($O$1-O24)-R24+AN24-(AN24-Q24)*(SIN(S24*PI()/180))-L24 -> 321.203
A25: EH21
A26: EH22 | B26: 04-01-24 | C26: 16:22 | D26: NO | G26: rrc_20240104_gla | H26: 633897.52 | I26: 3046229.5 | J26: 288.625 | K26: RTK | L26: 0.88 | M26: 633905.23 | N26: 3049240.4 | O26: 56.39 | P26: Altura antena 0,88 incluida en Zm vía data controller; por eso se corrigen en Excel Delta_ant y hm | Q26: 0.46 | R26: 1.34 | S26: 90 | U26: 1.47 | V26: 1.55 | W26: 1.46 | X26: 1.46 | Y26: 1.36 | AM26: =AVERAGE(U26:AC26) -> 1.46 | AN26: 3.67 | AQ26: =AN26-(AN26-Q26)*(SIN((S26+AX26)*PI()/180))/(COS(AX26*PI()/180)) -> 0.46 | AR26: =H26+($M$1-M26)-(AN26-Q26)*(COS(S26*PI()/180))*(SIN((T26+13+2.3)*PI()/180)) -> 633897.52 | AS26: =I26+($N$1-N26)-(AN26-Q26)*(COS(S26*PI()/180))*(COS((T26+13+2.3)*PI()/180)) -> 3046229.5 | AT26: =J26+($O$1-O26)-R26+AN26-(AN26-Q26)*(SIN(S26*PI()/180))-L26 -> 286.755
A27: EH23 | B27: 03-01-24 | C27: 14:58 | D27: NO | G27: rrc_20240103_gla | H27: 633433.35 | I27: 3046020.4 | J27: 254.229 | K27: RTK | L27: 1.96 | M27: 633905.23 | N27: 3049240.4 | O27: 56.39 | P27: Altura antena 1,96 incluida en Zm vía data controller; por eso se corrigen en Excel Delta_ant y hm | Q27: 0.27 | R27: 2.23 | S27: 90 | U27: 1.9 | V27: 2 | W27: 1.83 | X27: 1.83 | Y27: 1.8 | AM27: =AVERAGE(U27:AC27) -> 1.872 | AN27: 3.67 | AQ27: =AN27-(AN27-Q27)*(SIN((S27+AX27)*PI()/180))/(COS(AX27*PI()/180)) -> 0.27 | AR27: =H27+($M$1-M27)-(AN27-Q27)*(COS(S27*PI()/180))*(SIN((T27+13+2.3)*PI()/180)) -> 633433.35 | AS27: =I27+($N$1-N27)-(AN27-Q27)*(COS(S27*PI()/180))*(COS((T27+13+2.3)*PI()/180)) -> 3046020.4 | AT27: =J27+($O$1-O27)-R27+AN27-(AN27-Q27)*(SIN(S27*PI()/180))-L27 -> 250.199
A28: EH24
A29: EH25 | B29: 03-01-24 | C29: 16:34 | D29: NO | G29: rrc_20240103_gla | H29: 633199.86 | I29: 3046652.4 | J29: 257.751 | K29: RTK | L29: 1.96 | M29: 633905.23 | N29: 3049240.4 | O29: 56.39 | P29: Altura antena 1,96 incluida en Zm vía data controller; por eso se corrigen en Excel Delta_ant y hm | Q29: 0.61 | R29: 2.57 | S29: 90 | U29: 0.54 | V29: 0.55 | W29: 0.78 | X29: 0.79 | Y29: 0.73 | AM29: =AVERAGE(U29:AC29) -> 0.678 | AN29: 3.67 | AQ29: =AN29-(AN29-Q29)*(SIN((S29+AX29)*PI()/180))/(COS(AX29*PI()/180)) -> 0.61 | AR29: =H29+($M$1-M29)-(AN29-Q29)*(COS(S29*PI()/180))*(SIN((T29+13+2.3)*PI()/180)) -> 633199.86 | AS29: =I29+($N$1-N29)-(AN29-Q29)*(COS(S29*PI()/180))*(COS((T29+13+2.3)*PI()/180)) -> 3046652.4 | AT29: =J29+($O$1-O29)-R29+AN29-(AN29-Q29)*(SIN(S29*PI()/180))-L29 -> 253.721
A30: EH26 | B30: 06-01-24 | C30: 14:47 | D30: NO | G30: rrc_20240106_gla | H30: 633235.35 | I30: 3046916.4 | J30: 261.746 | K30: RTK | L30: 0.001 | M30: 633905.23 | N30: 3049240.4 | O30: 56.39 | P30: Altura antena 0,001 incluida en Zm vía data controller; por eso se corrigen en Excel Delta_ant y hm. Sobre estaca | Q30: 1.23 | R30: 1.231 | S30: 90 | U30: 1.12 | V30: 1.1 | W30: 1.09 | X30: 1.15 | Y30: 1.12 | AM30: =AVERAGE(U30:AC30) -> 1.116 | AN30: 3.67 | AQ30: =AN30-(AN30-Q30)*(SIN((S30+AX30)*PI()/180))/(COS(AX30*PI()/180)) -> 1.23 | AR30: =H30+($M$1-M30)-(AN30-Q30)*(COS(S30*PI()/180))*(SIN((T30+13+2.3)*PI()/180)) -> 633235.35 | AS30: =I30+($N$1-N30)-(AN30-Q30)*(COS(S30*PI()/180))*(COS((T30+13+2.3)*PI()/180)) -> 3046916.4 | AT30: =J30+($O$1-O30)-R30+AN30-(AN30-Q30)*(SIN(S30*PI()/180))-L30 -> 261.634
A31: EH27 | B31: 03-01-24 | C31: 15:57 | D31: NO | G31: rrc_20240103_gla | H31: 632875.33 | I31: 3045648.2 | J31: 183.945 | K31: RTK | L31: 1.96 | M31: 633905.23 | N31: 3049240.4 | O31: 56.39 | P31: Altura antena 1,96 incluida en Zm vía data controller; por eso se corrigen en Excel Delta_ant y hm | Q31: 0.84 | R31: 2.8 | S31: 90 | U31: 0.88 | V31: 0.9 | W31: 0.9 | X31: 0.92 | Y31: 0.95 | AM31: =AVERAGE(U31:AC31) -> 0.91 | AN31: 3.67 | AQ31: =AN31-(AN31-Q31)*(SIN((S31+AX31)*PI()/180))/(COS(AX31*PI()/180)) -> 0.84 | AR31: =H31+($M$1-M31)-(AN31-Q31)*(COS(S31*PI()/180))*(SIN((T31+13+2.3)*PI()/180)) -> 632875.33 | AS31: =I31+($N$1-N31)-(AN31-Q31)*(COS(S31*PI()/180))*(COS((T31+13+2.3)*PI()/180)) -> 3045648.2 | AT31: =J31+($O$1-O31)-R31+AN31-(AN31-Q31)*(SIN(S31*PI()/180))-L31 -> 179.915
A32: EH28
A33: EH29
A34: EH30 | B34: 08-01-24 | C34: 14:57 | D34: NO | G34: rrc_20240108_gla | H34: 634270.1 | I34: 3046667.7 | J34: 319.387 | K34: RTK | L34: 1.96 | M34: 633905.23 | N34: 3049240.4 | O34: 56.39 | P34: Altura antena 1,96 incluida en Zm vía data controller; por eso se corrigen en Excel Delta_ant y hm | Q34: -0.21 | R34: 1.75 | S34: 90 | U34: 2.09 | V34: 2.02 | W34: 1.99 | X34: 2.14 | Y34: 2.2 | AM34: =AVERAGE(U34:AC34) -> 2.088 | AN34: 3.67 | AQ34: =AN34-(AN34-Q34)*(SIN((S34+AX34)*PI()/180))/(COS(AX34*PI()/180)) -> -0.21 | AR34: =H34+($M$1-M34)-(AN34-Q34)*(COS(S34*PI()/180))*(SIN((T34+13+2.3)*PI()/180)) -> 634270.1 | AS34: =I34+($N$1-N34)-(AN34-Q34)*(COS(S34*PI()/180))*(COS((T34+13+2.3)*PI()/180)) -> 3046667.7 | AT34: =J34+($O$1-O34)-R34+AN34-(AN34-Q34)*(SIN(S34*PI()/180))-L34 -> 315.357
A35: EH31
A36: EH32
A37: EH33
A38: EH34
A39: EH35
A40: EH36 | B40: 06-01-24 | C40: 15:37 | D40: NO | G40: rrc_20240106_gla | H40: 633315.32 | I40: 3047974.5 | J40: 143.582 | K40: RTK | L40: 0.115 | M40: 633905.23 | N40: 3049240.4 | O40: 56.39 | P40: Altura antena 0,115 incluida en Zm vía data controller; por eso se corrigen en Excel Delta_ant y hm | Q40: 1.02 | R40: 1.135 | S40: 90 | U40: 1.42 | V40: 1.47 | W40: 1.45 | X40: 1.5 | Y40: 1.47 | AM40: =AVERAGE(U40:AC40) -> 1.462 | AN40: 3.67 | AQ40: =AN40-(AN40-Q40)*(SIN((S40+AX40)*PI()/180))/(COS(AX40*PI()/180)) -> 1.02 | AR40: =H40+($M$1-M40)-(AN40-Q40)*(COS(S40*PI()/180))*(SIN((T40+13+2.3)*PI()/180)) -> 633315.32 | AS40: =I40+($N$1-N40)-(AN40-Q40)*(COS(S40*PI()/180))*(COS((T40+13+2.3)*PI()/180)) -> 3047974.5 | AT40: =J40+($O$1-O40)-R40+AN40-(AN40-Q40)*(SIN(S40*PI()/180))-L40 -> 143.242
A41: EH37
A42: EH38
A43: EH39
A44: EH40
A45: EH41
A46: EH42
A47: EH43
A48: EH44
A49: EH45
A50: EH46
A51: EH47
A52: EH48
... A54: EH50
A55: EH51 | B55: 06-01-24 | C55: 15:25 | D55: NO | G55: rrc_20240106_gla | H55: 633132.88 | I55: 3048031.3 | J55: 100.03 | K55: RTK | L55: 1.96 | M55: 633905.23 | N55: 3049240.4 | O55: 56.39 | P55: Altura antena 1,96 incluida en Zm vía data controller; por eso se corrigen en Excel Delta_ant y hm | Q55: 0.41 | R55: 2.37 | S55: 90 | U55: 0.25 | V55: 0.3 | W55: 0.25 | X55: 0.28 | Y55: 0.17 | AM55: =AVERAGE(U55:AC55) -> 0.25 | AN55: 3.67 | AQ55: =AN55-(AN55-Q55)*(SIN((S55+AX55)*PI()/180))/(COS(AX55*PI()/180)) -> 0.41 | AR55: =H55+($M$1-M55)-(AN55-Q55)*(COS(S55*PI()/180))*(SIN((T55+13+2.3)*PI()/180)) -> 633132.88 | AS55: =I55+($N$1-N55)-(AN55-Q55)*(COS(S55*PI()/180))*(COS((T55+13+2.3)*PI()/180)) -> 3048031.3 | AT55: =J55+($O$1-O55)-R55+AN55-(AN55-Q55)*(SIN(S55*PI()/180))-L55 -> 96
A56: EH52
A57: EH53 | B57: 06-01-24 | C57: 15:13 | D57: NO | G57: rrc_20240106_gla | H57: 633216.35 | I57: 3047840.9 | J57: 141.075 | K57: RTK | L57: 1.96 | M57: 633905.23 | N57: 3049240.4 | O57: 56.39 | P57: Altura antena 1,96 incluida en Zm vía data controller; por eso se corrigen en Excel Delta_ant y hm | Q57: 0.5 | R57: 2.46 | S57: 90 | U57: 0.63 | V57: 0.65 | W57: 0.62 | X57: 0.58 | Y57: 0.56 | AM57: =AVERAGE(U57:AC57) -> 0.608 | AN57: 3.67 | AQ57: =AN57-(AN57-Q57)*(SIN((S57+AX57)*PI()/180))/(COS(AX57*PI()/180)) -> 0.5 | AR57: =H57+($M$1-M57)-(AN57-Q57)*(COS(S57*PI()/180))*(SIN((T57+13+2.3)*PI()/180)) -> 633216.35 | AS57: =I57+($N$1-N57)-(AN57-Q57)*(COS(S57*PI()/180))*(COS((T57+13+2.3)*PI()/180)) -> 3047840.9 | AT57: =J57+($O$1-O57)-R57+AN57-(AN57-Q57)*(SIN(S57*PI()/180))-L57 -> 137.045
A58: EH54 | B58: 05-01-24 | C58: 15:44 | D58: NO | G58: rrc_20240105_gla | H58: 632963.89 | I58: 3047128.8 | J58: 169.151 | K58: RTK | L58: 1.96 | M58: 633905.23 | N58: 3049240.4 | O58: 56.39 | P58: Altura antena 1,96 incluida en Zm vía data controller; por eso se corrigen en Excel Delta_ant y hm | Q58: 0.53 | R58: 2.49 | S58: 66.5 | T58: 255.23 | U58: 1.8 | V58: 1.84 | W58: 1.83 | X58: 1.8 | Y58: 1.82 | AM58: =AVERAGE(U58:AC58) -> 1.818 | AN58: 3.67 | AQ58: =AN58-(AN58-Q58)*(SIN((S58+AX58)*PI()/180))/(COS(AX58*PI()/180)) -> 0.79043137 | AR58: =H58+($M$1-M58)-(AN58-Q58)*(COS(S58*PI()/180))*(SIN((T58+13+2.3)*PI()/180)) -> 632965.14 | AS58: =I58+($N$1-N58)-(AN58-Q58)*(COS(S58*PI()/180))*(COS((T58+13+2.3)*PI()/180)) -> 3047128.8 | AT58: =J58+($O$1-O58)-R58+AN58-(AN58-Q58)*(SIN(S58*PI()/180))-L58 -> 165.38143
A59: EH55 | B59: 05-01-24 | C59: 15:44 | D59: NO | G59: rrc_20240105_gla | H59: 632849.89 | I59: 3047015.2 | J59: 146.636 | K59: RTK | L59: 1.96 | M59: 633905.23 | N59: 3049240.4 | O59: 56.39 | P59: Altura antena 1,96 incluida en Zm vía data controller; por eso se corrigen en Excel Delta_ant y hm | Q59: 0.17 | R59: 2.13 | S59: 90 | U59: 0.55 | V59: 0.52 | W59: 0.62 | X59: 0.78 | Y59: 0.66 | AM59: =AVERAGE(U59:AC59) -> 0.626 | AN59: 3.67 | AQ59: =AN59-(AN59-Q59)*(SIN((S59+AX59)*PI()/180))/(COS(AX59*PI()/180)) -> 0.17 | AR59: =H59+($M$1-M59)-(AN59-Q59)*(COS(S59*PI()/180))*(SIN((T59+13+2.3)*PI()/180)) -> 632849.89 | AS59: =I59+($N$1-N59)-(AN59-Q59)*(COS(S59*PI()/180))*(COS((T59+13+2.3)*PI()/180)) -> 3047015.2 | AT59: =J59+($O$1-O59)-R59+AN59-(AN59-Q59)*(SIN(S59*PI()/180))-L59 -> 142.606
A60: EH56 | B60: 05-01-24 | C60: 15:44 | D60: NO | G60: rrc_20240105_gla | H60: 632772.17 | I60: 3046931.7 | J60: 134.36 | K60: RTK | L60: 1.96 | M60: 633905.23 | N60: 3049240.4 | O60: 56.39 | P60: Altura antena 1,96 incluida en Zm vía data controller; por eso se corrigen en Excel Delta_ant y hm | Q60: -0.07 | R60: 1.89 | S60: 90 | U60: 0.85 | V60: 0.82 | W60: 0.84 | X60: 0.92 | Y60: 0.84 | AM60: =AVERAGE(U60:AC60) -> 0.854 | AN60: 3.67 | AQ60: =AN60-(AN60-Q60)*(SIN((S60+AX60)*PI()/180))/(COS(AX60*PI()/180)) -> -0.07 | AR60: =H60+($M$1-M60)-(AN60-Q60)*(COS(S60*PI()/180))*(SIN((T60+13+2.3)*PI()/180)) -> 632772.17 | AS60: =I60+($N$1-N60)-(AN60-Q60)*(COS(S60*PI()/180))*(COS((T60+13+2.3)*PI()/180)) -> 3046931.7 | AT60: =J60+($O$1-O60)-R60+AN60-(AN60-Q60)*(SIN(S60*PI()/180))-L60 -> 130.33
A61: EH57
A62: EH58
A63: EH59 | B63: 03-01-24 | C63: 14:54 | D63: NO | G63: rrc_20240103_gla | H63: 632322.54 | I63: 3045459.7 | J63: 88.822 | K63: RTK | L63: 1.96 | M63: 633905.23 | N63: 3049240.4 | O63: 56.39 | P63: Altura antena 1,96 incluida en Zm vía data controller; por eso se corrigen en Excel Delta_ant y hm | Q63: 0.51 | R63: 2.47 | S63: 90 | U63: 0.38 | V63: 0.32 | W63: 0.29 | X63: 0.3 | Y63: 0.18 | AM63: =AVERAGE(U63:AC63) -> 0.294 | AN63: 3.67 | AQ63: =AN63-(AN63-Q63)*(SIN((S63+AX63)*PI()/180))/(COS(AX63*PI()/180)) -> 0.51 | AR63: =H63+($M$1-M63)-(AN63-Q63)*(COS(S63*PI()/180))*(SIN((T63+13+2.3)*PI()/180)) -> 632322.54 | AS63: =I63+($N$1-N63)-(AN63-Q63)*(COS(S63*PI()/180))*(COS((T63+13+2.3)*PI()/180)) -> 3045459.7 | AT63: =J63+($O$1-O63)-R63+AN63-(AN63-Q63)*(SIN(S63*PI()/180))-L63 -> 84.792
A64: EH60
A65: EH61 | B65: 03-01-24 | C65: 14:31 | D65: NO | G65: rrc_20240103_gla | H65: 632687.74 | I65: 3045849.7 | J65: 174.071 | K65: RTK | L65: 1.96 | M65: 633905.23 | N65: 3049240.4 | O65: 56.39 | P65: Altura antena 1,96 incluida en Zm vía data controller; por eso se corrigen en Excel Delta_ant y hm | Q65: 0.54 | R65: 2.5 | S65: 90 | U65: 0.58 | V65: 0.57 | W65: 0.57 | X65: 0.58 | Y65: 0.6 | AM65: =AVERAGE(U65:AC65) -> 0.58 | AN65: 3.67 | AQ65: =AN65-(AN65-Q65)*(SIN((S65+AX65)*PI()/180))/(COS(AX65*PI()/180)) -> 0.54 | AR65: =H65+($M$1-M65)-(AN65-Q65)*(COS(S65*PI()/180))*(SIN((T65+13+2.3)*PI()/180)) -> 632687.74 | AS65: =I65+($N$1-N65)-(AN65-Q65)*(COS(S65*PI()/180))*(COS((T65+13+2.3)*PI()/180)) -> 3045849.7 | AT65: =J65+($O$1-O65)-R65+AN65-(AN65-Q65)*(SIN(S65*PI()/180))-L65 -> 170.041
A66: EH62
A67: EH63
A68: EH64 | B68: 04-01-24 | C68: 16:36 | D68: NO | G68: rrc_20240104_gla | H68: 634249.83 | I68: 3046400.3 | J68: 291.23 | K68: RTK | L68: 1.33 | M68: 633905.23 | N68: 3049240.4 | O68: 56.39 | P68: Altura antena 1,33 incluida en Zm vía data controller; por eso se corrigen en Excel Delta_ant y hm | Q68: 0.07 | R68: 1.4 | S68: 90 | U68: 1.92 | V68: 1.79 | W68: 1.86 | X68: 1.9 | Y68: 1.92 | AM68: =AVERAGE(U68:AC68) -> 1.878 | AN68: 3.67 | AQ68: =AN68-(AN68-Q68)*(SIN((S68+AX68)*PI()/180))/(COS(AX68*PI()/180)) -> 0.07 | AR68: =H68+($M$1-M68)-(AN68-Q68)*(COS(S68*PI()/180))*(SIN((T68+13+2.3)*PI()/180)) -> 634249.83 | AS68: =I68+($N$1-N68)-(AN68-Q68)*(COS(S68*PI()/180))*(COS((T68+13+2.3)*PI()/180)) -> 3046400.3 | AT68: =J68+($O$1-O68)-R68+AN68-(AN68-Q68)*(SIN(S68*PI()/180))-L68 -> 288.46
A69: EH65
A70: EH66 | B70: 03-01-24 | C70: 16:48 | D70: NO | G70: rrc_20240103_gla | H70: 633584.56 | I70: 3047344.9 | J70: 289.239 | K70: RTK | L70: 1.96 | M70: 633905.23 | N70: 3049240.4 | O70: 56.39 | P70: Altura antena 1,96 incluida en Zm vía data controller; por eso se corrigen en Excel Delta_ant y hm | Q70: -0.46 | R70: 1.5 | S70: 90 | U70: 0.99 | V70: 1.18 | W70: 1.22 | X70: 1.24 | Y70: 1.26 | AM70: =AVERAGE(U70:AC70) -> 1.178 | AN70: 3.67 | AQ70: =AN70-(AN70-Q70)*(SIN((S70+AX70)*PI()/180))/(COS(AX70*PI()/180)) -> -0.46 | AR70: =H70+($M$1-M70)-(AN70-Q70)*(COS(S70*PI()/180))*(SIN((T70+13+2.3)*PI()/180)) -> 633584.56 | AS70: =I70+($N$1-N70)-(AN70-Q70)*(COS(S70*PI()/180))*(COS((T70+13+2.3)*PI()/180)) -> 3047344.9 | AT70: =J70+($O$1-O70)-R70+AN70-(AN70-Q70)*(SIN(S70*PI()/180))-L70 -> 285.209
A71: EH67 | B71: 03-01-24 | C71: 16:12 | D71: NO | G71: rrc_20240103_gla | H71: 632155.67 | I71: 3045371.9 | J71: 50.335 | K71: RTK | L71: 1.96 | M71: 633905.23 | N71: 3049240.4 | O71: 56.39 | P71: Altura antena 1,96 incluida en Zm vía data controller; por eso se corrigen en Excel Delta_ant y hm | Q71: 0.71 | R71: 2.67 | S71: 90 | U71: 0.16 | V71: 0.25 | W71: 0.3 | X71: 0.15 | Y71: 0.38 | AM71: =AVERAGE(U71:AC71) -> 0.248 | AN71: 3.67 | AQ71: =AN71-(AN71-Q71)*(SIN((S71+AX71)*PI()/180))/(COS(AX71*PI()/180)) -> 0.71 | AR71: =H71+($M$1-M71)-(AN71-Q71)*(COS(S71*PI()/180))*(SIN((T71+13+2.3)*PI()/180)) -> 632155.67 | AS71: =I71+($N$1-N71)-(AN71-Q71)*(COS(S71*PI()/180))*(COS((T71+13+2.3)*PI()/180)) -> 3045371.9 | AT71: =J71+($O$1-O71)-R71+AN71-(AN71-Q71)*(SIN(S71*PI()/180))-L71 -> 46.305
A72: EH68 | B72: 06-01-24 | C72: 16:10 | D72: NO | G72: rrc_20240106_gla | H72: 633871.9 | I72: 3048312.8 | J72: 211.111 | K72: RTK | L72: 1.96 | M72: 633905.23 | N72: 3049240.4 | O72: 56.39 | P72: Altura antena 1,96 incluida en Zm vía data controller; por eso se corrigen en Excel Delta_ant y hm | Q72: 0.18 | R72: 2.14 | S72: 90 | U72: 0.64 | V72: 0.63 | W72: 0.71 | X72: 0.72 | Y72: 0.63 | AM72: =AVERAGE(U72:AC72) -> 0.666 | AN72: 3.67 | AQ72: =AN72-(AN72-Q72)*(SIN((S72+AX72)*PI()/180))/(COS(AX72*PI()/180)) -> 0.18 | AR72: =H72+($M$1-M72)-(AN72-Q72)*(COS(S72*PI()/180))*(SIN((T72+13+2.3)*PI()/180)) -> 633871.9 | AS72: =I72+($N$1-N72)-(AN72-Q72)*(COS(S72*PI()/180))*(COS((T72+13+2.3)*PI()/180)) -> 3048312.8 | AT72: =J72+($O$1-O72)-R72+AN72-(AN72-Q72)*(SIN(S72*PI()/180))-L72 -> 207.081
A73: EH69
A74: EH70 | B74: 06-01-24 | C74: 15:49 | D74: NO | G74: rrc_20240106_gla | H74: 633458.73 | I74: 3048065.8 | J74: 173.871 | K74: RTK | L74: 0.23 | M74: 633905.23 | N74: 3049240.4 | O74: 56.39 | P74: Altura antena 0,23 incluida en Zm vía data controller; por eso se corrigen en Excel Delta_ant y hm | Q74: 1.21 | R74: 1.44 | S74: 90 | U74: 0.8 | V74: 0.92 | W74: 0.92 | X74: 0.9 | Y74: 0.93 | AM74: =AVERAGE(U74:AC74) -> 0.894 | AN74: 3.67 | AQ74: =AN74-(AN74-Q74)*(SIN((S74+AX74)*PI()/180))/(COS(AX74*PI()/180)) -> 1.21 | AR74: =H74+($M$1-M74)-(AN74-Q74)*(COS(S74*PI()/180))*(SIN((T74+13+2.3)*PI()/180)) -> 633458.73 | AS74: =I74+($N$1-N74)-(AN74-Q74)*(COS(S74*PI()/180))*(COS((T74+13+2.3)*PI()/180)) -> 3048065.8 | AT74: =J74+($O$1-O74)-R74+AN74-(AN74-Q74)*(SIN(S74*PI()/180))-L74 -> 173.301
A75: EH71 | B75: 03-01-24 | C75: 15:08 | D75: NO | G75: rrc_20240103_gla | H75: 633226.53 | I75: 3045741.1 | J75: 226.276 | K75: RTK | L75: 1.96 | M75: 633905.23 | N75: 3049240.4 | O75: 56.39 | P75: Altura antena 1,96 incluida en Zm vía data controller; por eso se corrigen en Excel Delta_ant y hm | Q75: -0.72 | R75: 1.24 | S75: 90 | U75: 1.35 | V75: 1.35 | W75: 1.33 | X75: 1.5 | Y75: 1.38 | AM75: =AVERAGE(U75:AC75) -> 1.382 | AN75: 3.67 | AQ75: =AN75-(AN75-Q75)*(SIN((S75+AX75)*PI()/180))/(COS(AX75*PI()/180)) -> -0.72 | AR75: =H75+($M$1-M75)-(AN75-Q75)*(COS(S75*PI()/180))*(SIN((T75+13+2.3)*PI()/180)) -> 633226.53 | AS75: =I75+($N$1-N75)-(AN75-Q75)*(COS(S75*PI()/180))*(COS((T75+13+2.3)*PI()/180)) -> 3045741.1 | AT75: =J75+($O$1-O75)-R75+AN75-(AN75-Q75)*(SIN(S75*PI()/180))-L75 -> 222.246
A76: EH72 | B76: 05-01-24 | C76: 15:44 | D76: NO | G76: rrc_20240105_gla | H76: 632554.63 | I76: 3047018.5 | J76: 62.332 | K76: RTK | L76: 0.5 | M76: 633905.23 | N76: 3049240.4 | O76: 56.39 | P76: Altura antena 0,50 incluida en Zm vía data controller; por eso se corrigen en Excel Delta_ant y hm | Q76: 1.02 | R76: 1.52 | S76: 90 | U76: 0.57 | V76: 0.53 | W76: 0.64 | X76: 0.52 | Y76: 0.41 | AM76: =AVERAGE(U76:AC76) -> 0.534 | AN76: 3.67 | AQ76: =AN76-(AN76-Q76)*(SIN((S76+AX76)*PI()/180))/(COS(AX76*PI()/180)) -> 1.02 | AR76: =H76+($M$1-M76)-(AN76-Q76)*(COS(S76*PI()/180))*(SIN((T76+13+2.3)*PI()/180)) -> 632554.63 | AS76: =I76+($N$1-N76)-(AN76-Q76)*(COS(S76*PI()/180))*(COS((T76+13+2.3)*PI()/180)) -> 3047018.5 | AT76: =J76+($O$1-O76)-R76+AN76-(AN76-Q76)*(SIN(S76*PI()/180))-L76 -> 61.222
A77: EH73 | B77: 03-01-24 | C77: 16:04 | D77: NO | G77: rrc_20240103_gla | H77: 632254.06 | I77: 3045422.3 | J77: 70.47 | K77: RTK | L77: 0.001 | M77: 633905.23 | N77: 3049240.4 | O77: 56.39 | P77: Altura antena 0,001 incluida en Zm vía data controller; por eso se corrigen en Excel Delta_ant y hm. Sobre estaca | Q77: 0.92 | R77: 0.921 | S77: 90 | U77: 0.12 | V77: 0.08 | W77: 0.12 | X77: 0.06 | Y77: 0.08 | AM77: =AVERAGE(U77:AC77) -> 0.092 | AN77: 3.67 | AQ77: =AN77-(AN77-Q77)*(SIN((S77+AX77)*PI()/180))/(COS(AX77*PI()/180)) -> 0.92 | AR77: =H77+($M$1-M77)-(AN77-Q77)*(COS(S77*PI()/180))*(SIN((T77+13+2.3)*PI()/180)) -> 632254.06 | AS77: =I77+($N$1-N77)-(AN77-Q77)*(COS(S77*PI()/180))*(COS((T77+13+2.3)*PI()/180)) -> 3045422.3 | AT77: =J77+($O$1-O77)-R77+AN77-(AN77-Q77)*(SIN(S77*PI()/180))-L77 -> 70.358
A78: EH74 | B78: 03-01-24 | C78: 15:46 | D78: NO | G78: rrc_20240103_gla | H78: 632433.66 | I78: 3045589.5 | J78: 117.045 | K78: RTK | L78: 1.96 | M78: 633905.23 | N78: 3049240.4 | O78: 56.39 | P78: Altura antena 1,96 incluida en Zm vía data controller; por eso se corrigen en Excel Delta_ant y hm | Q78: 0.24 | R78: 2.2 | S78: 90 | U78: 0.32 | V78: 0.44 | W78: 0.45 | X78: 0.42 | Y78: 0.4 | AM78: =AVERAGE(U78:AC78) -> 0.406 | AN78: 3.67 | AQ78: =AN78-(AN78-Q78)*(SIN((S78+AX78)*PI()/180))/(COS(AX78*PI()/180)) -> 0.24 | AR78: =H78+($M$1-M78)-(AN78-Q78)*(COS(S78*PI()/180))*(SIN((T78+13+2.3)*PI()/180)) -> 632433.66 | AS78: =I78+($N$1-N78)-(AN78-Q78)*(COS(S78*PI()/180))*(COS((T78+13+2.3)*PI()/180)) -> 3045589.5 | AT78: =J78+($O$1-O78)-R78+AN78-(AN78-Q78)*(SIN(S78*PI()/180))-L78 -> 113.015
A79: EH75 | B79: 04-01-24 | C79: 15:32 | D79: NO | G79: rrc_20240104_gla | H79: 632581.99 | I79: 3046093 | J79: 170.211 | K79: RTK | L79: 1.27 | M79: 633905.23 | N79: 3049240.4 | O79: 56.39 | P79: Altura antena 1,27 incluida en Zm vía data controller; por eso se corrigen en Excel Delta_ant y hm | Q79: 0.44 | R79: 1.71 | S79: 90 | U79: 0.44 | V79: 0.47 | W79: 0.49 | X79: 0.45 | Y79: 0.46 | AM79: =AVERAGE(U79:AC79) -> 0.462 | AN79: 3.67 | AQ79: =AN79-(AN79-Q79)*(SIN((S79+AX79)*PI()/180))/(COS(AX79*PI()/180)) -> 0.44 | AR79: =H79+($M$1-M79)-(AN79-Q79)*(COS(S79*PI()/180))*(SIN((T79+13+2.3)*PI()/180)) -> 632581.99 | AS79: =I79+($N$1-N79)-(AN79-Q79)*(COS(S79*PI()/180))*(COS((T79+13+2.3)*PI()/180)) -> 3046093 | AT79: =J79+($O$1-O79)-R79+AN79-(AN79-Q79)*(SIN(S79*PI()/180))-L79 -> 167.561

Sheet Estacas Hurd mto. 
A1: Campaña | B1: 2023-2024 | C1: Tanda | D1: a | E1: Operador | F1: Ricardo Rodríguez Cielos | G1: Instrumento | H1: Trimble R8S+TSC3(bluetooth) | L1: X0,Y0,Z0 | M1: 633905.22 | N1: 3049240.4 | O1: =56.475-0.11 -> 56.365 | P1: Mto. estacas HURD 1ª fase 2020/2021
A2: Id. estaca | B2: Fecha | C2: Hora (UT) | D2: ¿Mto.? | E2: PreMtoFecha | F2: PreMtoHora | G2: Fichero fuente | H2: Xm (E-UTM) | I2: Ym (N-UTM) | J2: Zm (WGS84) | K2: Código | L2: Dant | M2: Xr (E-UTM) | N2: Yr (N-UTM) | O2: Zr (WGS84) | P2: Comentarios sobre medida GPS | Q2: he (m) | R2: hm (m) | S2: e(deg) | T2: fm(deg) | Y2: H usados en media (m) | AH2: H no usados en media (m) | AM2: H (m) | AN2: l (m) | AO2: Comentarios medidas manuales | AP2: Recursos gráficos asociados | AQ2: h (m) | AR2: X (E-UTM) | AS2: Y (N-UTM) | AT2: Z (WGS84) | AU2: ¿40? | AV2: Coment. sobre medida corregida | AW2: Dh (m) | AX2: a(deg)
B3: dd-mm-aa | C3: hh:mm | D3: SÍ o vacío | E3: dd-mm-aa | F3: hh:mm | H3: xxxxxx,xx | I3: yyyyyyy,yy | J3: zzz,zz | M3: xxxxxx,xxx | N3: yyyyyyy,yyy | O3: zzz,zzz | Q3: hh,hh | R3: hh,hh | S3: g | T3: g | U3: H1 | V3: H2 | W3: H3 | X3: H4 | Y3: H5 | Z3: H6 | AA3: H7 | AB3: H8 | AC3: H9 | AD3: H1 | AE3: H2 | AF3: H3 | AG3: H4 | AH3: H5 | AI3: H6 | AJ3: H7 | AK3: H8 | AL3: H9 | AM3: HH,HH | AN3: ll,ll | AQ3: hh,hh | AR3: xxxxxx,xx | AS3: yyyyyyy,yy | AT3: zzz,zz | AW3: =AQ3-'Estacas Hurd'!AQ3 -> #VALUE!
A5: EH01 | D5: SÍ | S5: 90 | AM5: =AVERAGE(U5:AC5) -> #DIV/0! | AN5: 3.67 | AQ5: =AN5-(AN5-Q5)*(SIN((S5+AX5)*PI()/180))/(COS(AX5*PI()/180)) -> 0 | AR5: =H5+($M$1-M5)-(AN5-Q5)*(COS(S5*PI()/180))*(SIN((T5+13+2.3)*PI()/180)) -> 633905.22 | AS5: =I5+($N$1-N5)-(AN5-Q5)*(COS(S5*PI()/180))*(COS((T5+13+2.3)*PI()/180)) -> 3049240.4 | AT5: =J5+($O$1-O5)-R5+AN5-(AN5-Q5)*(SIN(S5*PI()/180))-L5 -> 56.365 | AW5: =AQ5-'Estacas Hurd'!AQ5 -> -0.11
A6: EH02 | D6: SÍ | S6: 90 | AM6: =AVERAGE(U6:AC6) -> #DIV/0! | AN6: 3.67 | AQ6: =AN6-(AN6-Q6)*(SIN((S6+AX6)*PI()/180))/(COS(AX6*PI()/180)) -> 0 | AR6: =H6+($M$1-M6)-(AN6-Q6)*(COS(S6*PI()/180))*(SIN((T6+13+2.3)*PI()/180)) -> 633905.22 | AS6: =I6+($N$1-N6)-(AN6-Q6)*(COS(S6*PI()/180))*(COS((T6+13+2.3)*PI()/180)) -> 3049240.4 | AT6: =J6+($O$1-O6)-R6+AN6-(AN6-Q6)*(SIN(S6*PI()/180))-L6 -> 56.365 | AW6: =AQ6-'Estacas Hurd'!AQ6 -> -0.31
A7: EH03 | D7: SÍ | S7: 90 | AM7: =AVERAGE(U7:AC7) -> #DIV/0! | AN7: 3.67 | AQ7: =AN7-(AN7-Q7)*(SIN((S7+AX7)*PI()/180))/(COS(AX7*PI()/180)) -> 0 | AR7: =H7+($M$1-M7)-(AN7-Q7)*(COS(S7*PI()/180))*(SIN((T7+13+2.3)*PI()/180)) -> 633905.22 | AS7: =I7+($N$1-N7)-(AN7-Q7)*(COS(S7*PI()/180))*(COS((T7+13+2.3)*PI()/180)) -> 3049240.4 | AT7: =J7+($O$1-O7)-R7+AN7-(AN7-Q7)*(SIN(S7*PI()/180))-L7 -> 56.365 | AW7: =AQ7-'Estacas Hurd'!AQ7 -> -0.03
A8: EH04 | D8: SÍ | S8: 90 | AM8: =AVERAGE(U8:AC8) -> #DIV/0! | AN8: 3.67 | AQ8: =AN8-(AN8-Q8)*(SIN((S8+AX8)*PI()/180))/(COS(AX8*PI()/180)) -> 0 | AR8: =H8+($M$1-M8)-(AN8-Q8)*(COS(S8*PI()/180))*(SIN((T8+13+2.3)*PI()/180)) -> 633905.22 | AS8: =I8+($N$1-N8)-(AN8-Q8)*(COS(S8*PI()/180))*(COS((T8+13+2.3)*PI()/180)) -> 3049240.4 | AT8: =J8+($O$1-O8)-R8+AN8-(AN8-Q8)*(SIN(S8*PI()/180))-L8 -> 56.365 | AW8: =AQ8-'Estacas Hurd'!AQ8 -> -0.3
A9: EH05 | D9: SÍ | S9: 90 | AM9: =AVERAGE(U9:AC9) -> #DIV/0! | AN9: 3.67 | AQ9: =AN9-(AN9-Q9)*(SIN((S9+AX9)*PI()/180))/(COS(AX9*PI()/180)) -> 0 | AR9: =H9+($M$1-M9)-(AN9-Q9)*(COS(S9*PI()/180))*(SIN((T9+13+2.3)*PI()/180)) -> 633905.22 | AS9: =I9+($N$1-N9)-(AN9-Q9)*(COS(S9*PI()/180))*(COS((T9+13+2.3)*PI()/180)) -> 3049240.4 | AT9: =J9+($O$1-O9)-R9+AN9-(AN9-Q9)*(SIN(S9*PI()/180))-L9 -> 56.365 | AW9: =AQ9-'Estacas Hurd'!AQ9 -> -1.03
A10: EH06 | D10: SÍ | S10: 90 | AM10: =AVERAGE(U10:AC10) -> #DIV/0! | AN10: 3.67 | AQ10: =AN10-(AN10-Q10)*(SIN((S10+AX10)*PI()/180))/(COS(AX10*PI()/180)) -> 0 | AR10: =H10+($M$1-M10)-(AN10-Q10)*(COS(S10*PI()/180))*(SIN((T10+13+2.3)*PI()/180)) -> 633905.22 | AS10: =I10+($N$1-N10)-(AN10-Q10)*(COS(S10*PI()/180))*(COS((T10+13+2.3)*PI()/180)) -> 3049240.4 | AT10: =J10+($O$1-O10)-R10+AN10-(AN10-Q10)*(SIN(S10*PI()/180))-L10 -> 56.365 | AW10: =AQ10-'Estacas Hurd'!AQ10 -> -0.14
A11: EH07
A12: EH08
A13: EH09
A14: EH10 | D14: SÍ | S14: 90 | AM14: =AVERAGE(U14:AC14) -> #DIV/0! | AN14: 3.67 | AQ14: =AN14-(AN14-Q14)*(SIN((S14+AX14)*PI()/180))/(COS(AX14*PI()/180)) -> 0 | AR14: =H14+($M$1-M14)-(AN14-Q14)*(COS(S14*PI()/180))*(SIN((T14+13+2.3)*PI()/180)) -> 633905.22 | AS14: =I14+($N$1-N14)-(AN14-Q14)*(COS(S14*PI()/180))*(COS((T14+13+2.3)*PI()/180)) -> 3049240.4 | AT14: =J14+($O$1-O14)-R14+AN14-(AN14-Q14)*(SIN(S14*PI()/180))-L14 -> 56.365 | AW14: =AQ14-'Estacas Hurd'!AQ14 -> -0.01
A15: EH11 | D15: SÍ | S15: 90 | AM15: =AVERAGE(U15:AC15) -> #DIV/0! | AN15: 3.67 | AQ15: =AN15-(AN15-Q15)*(SIN((S15+AX15)*PI()/180))/(COS(AX15*PI()/180)) -> 0 | AR15: =H15+($M$1-M15)-(AN15-Q15)*(COS(S15*PI()/180))*(SIN((T15+13+2.3)*PI()/180)) -> 633905.22 | AS15: =I15+($N$1-N15)-(AN15-Q15)*(COS(S15*PI()/180))*(COS((T15+13+2.3)*PI()/180)) -> 3049240.4 | AT15: =J15+($O$1-O15)-R15+AN15-(AN15-Q15)*(SIN(S15*PI()/180))-L15 -> 56.365 | AW15: =AQ15-'Estacas Hurd'!AQ15 -> -1.29
A16: EH12 | AW16: =AQ16-'Estacas Hurd'!AQ16 -> 0
A17: EH13
A18: EH14
A19: EH15
A20: EH16
A21: EH17
A22: EH18
A23: EH19
A24: EH20 | D24: SÍ | S24: 90 | AM24: =AVERAGE(U24:AC24) -> #DIV/0! | AN24: 3.67 | AQ24: =AN24-(AN24-Q24)*(SIN((S24+AX24)*PI()/180))/(COS(AX24*PI()/180)) -> 0 | AR24: =H24+($M$1-M24)-(AN24-Q24)*(COS(S24*PI()/180))*(SIN((T24+13+2.3)*PI()/180)) -> 633905.22 | AS24: =I24+($N$1-N24)-(AN24-Q24)*(COS(S24*PI()/180))*(COS((T24+13+2.3)*PI()/180)) -> 3049240.4 | AT24: =J24+($O$1-O24)-R24+AN24-(AN24-Q24)*(SIN(S24*PI()/180))-L24 -> 56.365 | AW24: =AQ24-'Estacas Hurd'!AQ24 -> -0.2
A25: EH21
A26: EH22 | D26: SÍ | S26: 90 | AM26: =AVERAGE(U26:AC26) -> #DIV/0! | AN26: 3.67 | AQ26: =AN26-(AN26-Q26)*(SIN((S26+AX26)*PI()/180))/(COS(AX26*PI()/180)) -> 0 | AR26: =H26+($M$1-M26)-(AN26-Q26)*(COS(S26*PI()/180))*(SIN((T26+13+2.3)*PI()/180)) -> 633905.22 | AS26: =I26+($N$1-N26)-(AN26-Q26)*(COS(S26*PI()/180))*(COS((T26+13+2.3)*PI()/180)) -> 3049240.4 | AT26: =J26+($O$1-O26)-R26+AN26-(AN26-Q26)*(SIN(S26*PI()/180))-L26 -> 56.365 | AW26: =AQ26-'Estacas Hurd'!AQ26 -> -0.46
A27: EH23 | D27: SÍ | S27: 90 | AM27: =AVERAGE(U27:AC27) -> #DIV/0! | AN27: 3.67 | AQ27: =AN27-(AN27-Q27)*(SIN((S27+AX27)*PI()/180))/(COS(AX27*PI()/180)) -> 0 | AR27: =H27+($M$1-M27)-(AN27-Q27)*(COS(S27*PI()/180))*(SIN((T27+13+2.3)*PI()/180)) -> 633905.22 | AS27: =I27+($N$1-N27)-(AN27-Q27)*(COS(S27*PI()/180))*(COS((T27+13+2.3)*PI()/180)) -> 3049240.4 | AT27: =J27+($O$1-O27)-R27+AN27-(AN27-Q27)*(SIN(S27*PI()/180))-L27 -> 56.365 | AW27: =AQ27-'Estacas Hurd'!AQ27 -> -0.27
A28: EH24
A29: EH25 | D29: SÍ | S29: 90 | AM29: =AVERAGE(U29:AC29) -> #DIV/0! | AN29: 3.67 | AQ29: =AN29-(AN29-Q29)*(SIN((S29+AX29)*PI()/180))/(COS(AX29*PI()/180)) -> 0 | AR29: =H29+($M$1-M29)-(AN29-Q29)*(COS(S29*PI()/180))*(SIN((T29+13+2.3)*PI()/180)) -> 633905.22 | AS29: =I29+($N$1-N29)-(AN29-Q29)*(COS(S29*PI()/180))*(COS((T29+13+2.3)*PI()/180)) -> 3049240.4 | AT29: =J29+($O$1-O29)-R29+AN29-(AN29-Q29)*(SIN(S29*PI()/180))-L29 -> 56.365 | AW29: =AQ29-'Estacas Hurd'!AQ29 -> -0.61
A30: EH26 | D30: SÍ | S30: 90 | AM30: =AVERAGE(U30:AC30) -> #DIV/0! | AN30: 3.67 | AQ30: =AN30-(AN30-Q30)*(SIN((S30+AX30)*PI()/180))/(COS(AX30*PI()/180)) -> 0 | AR30: =H30+($M$1-M30)-(AN30-Q30)*(COS(S30*PI()/180))*(SIN((T30+13+2.3)*PI()/180)) -> 633905.22 | AS30: =I30+($N$1-N30)-(AN30-Q30)*(COS(S30*PI()/180))*(COS((T30+13+2.3)*PI()/180)) -> 3049240.4 | AT30: =J30+($O$1-O30)-R30+AN30-(AN30-Q30)*(SIN(S30*PI()/180))-L30 -> 56.365 | AW30: =AQ30-'Estacas Hurd'!AQ30 -> -1.23
A31: EH27 | D31: SÍ | S31: 90 | AM31: =AVERAGE(U31:AC31) -> #DIV/0! | AN31: 3.67 | AQ31: =AN31-(AN31-Q31)*(SIN((S31+AX31)*PI()/180))/(COS(AX31*PI()/180)) -> 0 | AR31: =H31+($M$1-M31)-(AN31-Q31)*(COS(S31*PI()/180))*(SIN((T31+13+2.3)*PI()/180)) -> 633905.22 | AS31: =I31+($N$1-N31)-(AN31-Q31)*(COS(S31*PI()/180))*(COS((T31+13+2.3)*PI()/180)) -> 3049240.4 | AT31: =J31+($O$1-O31)-R31+AN31-(AN31-Q31)*(SIN(S31*PI()/180))-L31 -> 56.365 | AW31: =AQ31-'Estacas Hurd'!AQ31 -> -0.84
A32: EH28
A33: EH29
A34: EH30 | D34: SÍ | S34: 90 | AM34: =AVERAGE(U34:AC34) -> #DIV/0! | AN34: 3.67 | AQ34: =AN34-(AN34-Q34)*(SIN((S34+AX34)*PI()/180))/(COS(AX34*PI()/180)) -> 0 | AR34: =H34+($M$1-M34)-(AN34-Q34)*(COS(S34*PI()/180))*(SIN((T34+13+2.3)*PI()/180)) -> 633905.22 | AS34: =I34+($N$1-N34)-(AN34-Q34)*(COS(S34*PI()/180))*(COS((T34+13+2.3)*PI()/180)) -> 3049240.4 | AT34: =J34+($O$1-O34)-R34+AN34-(AN34-Q34)*(SIN(S34*PI()/180))-L34 -> 56.365 | AW34: =AQ34-'Estacas Hurd'!AQ34 -> 0.21
A35: EH31
A36: EH32
A37: EH33
A38: EH34
A39: EH35
A40: EH36 | D40: SÍ | S40: 90 | AM40: =AVERAGE(U40:AC40) -> #DIV/0! | AN40: 3.67 | AQ40: =AN40-(AN40-Q40)*(SIN((S40+AX40)*PI()/180))/(COS(AX40*PI()/180)) -> 0 | AR40: =H40+($M$1-M40)-(AN40-Q40)*(COS(S40*PI()/180))*(SIN((T40+13+2.3)*PI()/180)) -> 633905.22 | AS40: =I40+($N$1-N40)-(AN40-Q40)*(COS(S40*PI()/180))*(COS((T40+13+2.3)*PI()/180)) -> 3049240.4 | AT40: =J40+($O$1-O40)-R40+AN40-(AN40-Q40)*(SIN(S40*PI()/180))-L40 -> 56.365 | AW40: =AQ40-'Estacas Hurd'!AQ40 -> -1.02
A41: EH37
A42: EH38
A43: EH39
A44: EH40
A45: EH41
A46: EH42
A47: EH43
A48: EH44
A49: EH45
A50: EH46
A51: EH47
A52: EH48
... A54: EH50
A55: EH51 | D55: SÍ | S55: 90 | AM55: =AVERAGE(U55:AB55) -> #DIV/0! | AN55: 3.67 | AQ55: =AN55-(AN55-Q55)*(SIN((S55+AX55)*PI()/180))/(COS(AX55*PI()/180)) -> 0 | AR55: =H55+($M$1-M55)-(AN55-Q55)*(COS(S55*PI()/180))*(SIN((T55+13+2.3)*PI()/180)) -> 633905.22 | AS55: =I55+($N$1-N55)-(AN55-Q55)*(COS(S55*PI()/180))*(COS((T55+13+2.3)*PI()/180)) -> 3049240.4 | AT55: =J55+($O$1-O55)-R55+AN55-(AN55-Q55)*(SIN(S55*PI()/180))-L55 -> 56.365 | AW55: =AQ55-'Estacas Hurd'!AQ55 -> -0.41
A56: EH52
A57: EH53 | D57: SÍ | S57: 90 | AM57: =AVERAGE(U57:AC57) -> #DIV/0! | AN57: 3.67 | AQ57: =AN57-(AN57-Q57)*(SIN((S57+AX57)*PI()/180))/(COS(AX57*PI()/180)) -> 0 | AR57: =H57+($M$1-M57)-(AN57-Q57)*(COS(S57*PI()/180))*(SIN((T57+13+2.3)*PI()/180)) -> 633905.22 | AS57: =I57+($N$1-N57)-(AN57-Q57)*(COS(S57*PI()/180))*(COS((T57+13+2.3)*PI()/180)) -> 3049240.4 | AT57: =J57+($O$1-O57)-R57+AN57-(AN57-Q57)*(SIN(S57*PI()/180))-L57 -> 56.365 | AW57: =AQ57-'Estacas Hurd'!AQ57 -> -0.5
A58: EH54 | D58: SÍ | S58: 90 | AM58: =AVERAGE(U58:AC58) -> #DIV/0! | AN58: 3.67 | AQ58: =AN58-(AN58-Q58)*(SIN((S58+AX58)*PI()/180))/(COS(AX58*PI()/180)) -> 0 | AR58: =H58+($M$1-M58)-(AN58-Q58)*(COS(S58*PI()/180))*(SIN((T58+13+2.3)*PI()/180)) -> 633905.22 | AS58: =I58+($N$1-N58)-(AN58-Q58)*(COS(S58*PI()/180))*(COS((T58+13+2.3)*PI()/180)) -> 3049240.4 | AT58: =J58+($O$1-O58)-R58+AN58-(AN58-Q58)*(SIN(S58*PI()/180))-L58 -> 56.365 | AW58: =AQ58-'Estacas Hurd'!AQ58 -> -0.79043137
A59: EH55 | D59: SÍ | S59: 90 | AM59: =AVERAGE(U59:AC59) -> #DIV/0! | AN59: 3.67 | AQ59: =AN59-(AN59-Q59)*(SIN((S59+AX59)*PI()/180))/(COS(AX59*PI()/180)) -> 0 | AR59: =H59+($M$1-M59)-(AN59-Q59)*(COS(S59*PI()/180))*(SIN((T59+13+2.3)*PI()/180)) -> 633905.22 | AS59: =I59+($N$1-N59)-(AN59-Q59)*(COS(S59*PI()/180))*(COS((T59+13+2.3)*PI()/180)) -> 3049240.4 | AT59: =J59+($O$1-O59)-R59+AN59-(AN59-Q59)*(SIN(S59*PI()/180))-L59 -> 56.365 | AW59: =AQ59-'Estacas Hurd'!AQ59 -> -0.17
A60: EH56 | D60: SÍ | S60: 90 | AM60: =AVERAGE(U60:AC60) -> #DIV/0! | AN60: 3.67 | AQ60: =AN60-(AN60-Q60)*(SIN((S60+AX60)*PI()/180))/(COS(AX60*PI()/180)) -> 0 | AR60: =H60+($M$1-M60)-(AN60-Q60)*(COS(S60*PI()/180))*(SIN((T60+13+2.3)*PI()/180)) -> 633905.22 | AS60: =I60+($N$1-N60)-(AN60-Q60)*(COS(S60*PI()/180))*(COS((T60+13+2.3)*PI()/180)) -> 3049240.4 | AT60: =J60+($O$1-O60)-R60+AN60-(AN60-Q60)*(SIN(S60*PI()/180))-L60 -> 56.365 | AW60: =AQ60-'Estacas Hurd'!AQ60 -> 0.07
A61: EH57
A62: EH58
A63: EH59 | D63: SÍ | S63: 90 | AM63: =AVERAGE(U63:AC63) -> #DIV/0! | AN63: 3.67 | AQ63: =AN63-(AN63-Q63)*(SIN((S63+AX63)*PI()/180))/(COS(AX63*PI()/180)) -> 0 | AR63: =H63+($M$1-M63)-(AN63-Q63)*(COS(S63*PI()/180))*(SIN((T63+13+2.3)*PI()/180)) -> 633905.22 | AS63: =I63+($N$1-N63)-(AN63-Q63)*(COS(S63*PI()/180))*(COS((T63+13+2.3)*PI()/180)) -> 3049240.4 | AT63: =J63+($O$1-O63)-R63+AN63-(AN63-Q63)*(SIN(S63*PI()/180))-L63 -> 56.365 | AW63: =AQ63-'Estacas Hurd'!AQ63 -> -0.51
A64: EH60
A65: EH61 | D65: SÍ | S65: 90 | AM65: =AVERAGE(U65:AC65) -> #DIV/0! | AN65: 3.67 | AQ65: =AN65-(AN65-Q65)*(SIN((S65+AX65)*PI()/180))/(COS(AX65*PI()/180)) -> 0 | AR65: =H65+($M$1-M65)-(AN65-Q65)*(COS(S65*PI()/180))*(SIN((T65+13+2.3)*PI()/180)) -> 633905.22 | AS65: =I65+($N$1-N65)-(AN65-Q65)*(COS(S65*PI()/180))*(COS((T65+13+2.3)*PI()/180)) -> 3049240.4 | AT65: =J65+($O$1-O65)-R65+AN65-(AN65-Q65)*(SIN(S65*PI()/180))-L65 -> 56.365 | AW65: =AQ65-'Estacas Hurd'!AQ65 -> -0.54
A66: EH62
A67: EH63
A68: EH64 | D68: SÍ | S68: 90 | AM68: =AVERAGE(U68:AC68) -> #DIV/0! | AN68: 3.67 | AQ68: =AN68-(AN68-Q68)*(SIN((S68+AX68)*PI()/180))/(COS(AX68*PI()/180)) -> 0 | AR68: =H68+($M$1-M68)-(AN68-Q68)*(COS(S68*PI()/180))*(SIN((T68+13+2.3)*PI()/180)) -> 633905.22 | AS68: =I68+($N$1-N68)-(AN68-Q68)*(COS(S68*PI()/180))*(COS((T68+13+2.3)*PI()/180)) -> 3049240.4 | AT68: =J68+($O$1-O68)-R68+AN68-(AN68-Q68)*(SIN(S68*PI()/180))-L68 -> 56.365 | AW68: =AQ68-'Estacas Hurd'!AQ68 -> -0.07
A69: EH65
A70: EH66 | D70: SÍ | S70: 90 | AM70: =AVERAGE(U70:AC70) -> #DIV/0! | AN70: 3.67 | AQ70: =AN70-(AN70-Q70)*(SIN((S70+AX70)*PI()/180))/(COS(AX70*PI()/180)) -> 0 | AR70: =H70+($M$1-M70)-(AN70-Q70)*(COS(S70*PI()/180))*(SIN((T70+13+2.3)*PI()/180)) -> 633905.22 | AS70: =I70+($N$1-N70)-(AN70-Q70)*(COS(S70*PI()/180))*(COS((T70+13+2.3)*PI()/180)) -> 3049240.4 | AT70: =J70+($O$1-O70)-R70+AN70-(AN70-Q70)*(SIN(S70*PI()/180))-L70 -> 56.365 | AW70: =AQ70-'Estacas Hurd'!AQ70 -> 0.46
A71: EH67 | D71: SÍ | S71: 90 | AM71: =AVERAGE(U71:AC71) -> #DIV/0! | AN71: 3.67 | AQ71: =AN71-(AN71-Q71)*(SIN((S71+AX71)*PI()/180))/(COS(AX71*PI()/180)) -> 0 | AR71: =H71+($M$1-M71)-(AN71-Q71)*(COS(S71*PI()/180))*(SIN((T71+13+2.3)*PI()/180)) -> 633905.22 | AS71: =I71+($N$1-N71)-(AN71-Q71)*(COS(S71*PI()/180))*(COS((T71+13+2.3)*PI()/180)) -> 3049240.4 | AT71: =J71+($O$1-O71)-R71+AN71-(AN71-Q71)*(SIN(S71*PI()/180))-L71 -> 56.365 | AW71: =AQ71-'Estacas Hurd'!AQ71 -> -0.71
A72: EH68 | D72: SÍ | S72: 90 | AM72: =AVERAGE(U72:AC72) -> #DIV/0! | AN72: 3.67 | AQ72: =AN72-(AN72-Q72)*(SIN((S72+AX72)*PI()/180))/(COS(AX72*PI()/180)) -> 0 | AR72: =H72+($M$1-M72)-(AN72-Q72)*(COS(S72*PI()/180))*(SIN((T72+13+2.3)*PI()/180)) -> 633905.22 | AS72: =I72+($N$1-N72)-(AN72-Q72)*(COS(S72*PI()/180))*(COS((T72+13+2.3)*PI()/180)) -> 3049240.4 | AT72: =J72+($O$1-O72)-R72+AN72-(AN72-Q72)*(SIN(S72*PI()/180))-L72 -> 56.365 | AW72: =AQ72-'Estacas Hurd'!AQ72 -> -0.18
A73: EH69
A74: EH70 | D74: SÍ | S74: 90 | AM74: =AVERAGE(U74:AC74) -> #DIV/0! | AN74: 3.67 | AQ74: =AN74-(AN74-Q74)*(SIN((S74+AX74)*PI()/180))/(COS(AX74*PI()/180)) -> 0 | AR74: =H74+($M$1-M74)-(AN74-Q74)*(COS(S74*PI()/180))*(SIN((T74+13+2.3)*PI()/180)) -> 633905.22 | AS74: =I74+($N$1-N74)-(AN74-Q74)*(COS(S74*PI()/180))*(COS((T74+13+2.3)*PI()/180)) -> 3049240.4 | AT74: =J74+($O$1-O74)-R74+AN74-(AN74-Q74)*(SIN(S74*PI()/180))-L74 -> 56.365 | AW74: =AQ74-'Estacas Hurd'!AQ74 -> -1.21
A75: EH71 | D75: SÍ | S75: 90 | AM75: =AVERAGE(U75:AC75) -> #DIV/0! | AN75: 3.67 | AQ75: =AN75-(AN75-Q75)*(SIN((S75+AX75)*PI()/180))/(COS(AX75*PI()/180)) -> 0 | AR75: =H75+($M$1-M75)-(AN75-Q75)*(COS(S75*PI()/180))*(SIN((T75+13+2.3)*PI()/180)) -> 633905.22 | AS75: =I75+($N$1-N75)-(AN75-Q75)*(COS(S75*PI()/180))*(COS((T75+13+2.3)*PI()/180)) -> 3049240.4 | AT75: =J75+($O$1-O75)-R75+AN75-(AN75-Q75)*(SIN(S75*PI()/180))-L75 -> 56.365 | AW75: =AQ75-'Estacas Hurd'!AQ75 -> 0.72
A76: EH72 | D76: SÍ | S76: 90 | AM76: =AVERAGE(U76:AC76) -> #DIV/0! | AN76: 3.67 | AQ76: =AN76-(AN76-Q76)*(SIN((S76+AX76)*PI()/180))/(COS(AX76*PI()/180)) -> 0 | AR76: =H76+($M$1-M76)-(AN76-Q76)*(COS(S76*PI()/180))*(SIN((T76+13+2.3)*PI()/180)) -> 633905.22 | AS76: =I76+($N$1-N76)-(AN76-Q76)*(COS(S76*PI()/180))*(COS((T76+13+2.3)*PI()/180)) -> 3049240.4 | AT76: =J76+($O$1-O76)-R76+AN76-(AN76-Q76)*(SIN(S76*PI()/180))-L76 -> 56.365 | AW76: =AQ76-'Estacas Hurd'!AQ76 -> -1.02
A77: EH73 | D77: SÍ | S77: 90 | AM77: =AVERAGE(U77:AC77) -> #DIV/0! | AN77: 3.67 | AQ77: =AN77-(AN77-Q77)*(SIN((S77+AX77)*PI()/180))/(COS(AX77*PI()/180)) -> 0 | AR77: =H77+($M$1-M77)-(AN77-Q77)*(COS(S77*PI()/180))*(SIN((T77+13+2.3)*PI()/180)) -> 633905.22 | AS77: =I77+($N$1-N77)-(AN77-Q77)*(COS(S77*PI()/180))*(COS((T77+13+2.3)*PI()/180)) -> 3049240.4 | AT77: =J77+($O$1-O77)-R77+AN77-(AN77-Q77)*(SIN(S77*PI()/180))-L77 -> 56.365 | AW77: =AQ77-'Estacas Hurd'!AQ77 -> -0.92
A78: EH74 | D78: SÍ | S78: 90 | AM78: =AVERAGE(U78:AC78) -> #DIV/0! | AN78: 3.67 | AQ78: =AN78-(AN78-Q78)*(SIN((S78+AX78)*PI()/180))/(COS(AX78*PI()/180)) -> 0 | AR78: =H78+($M$1-M78)-(AN78-Q78)*(COS(S78*PI()/180))*(SIN((T78+13+2.3)*PI()/180)) -> 633905.22 | AS78: =I78+($N$1-N78)-(AN78-Q78)*(COS(S78*PI()/180))*(COS((T78+13+2.3)*PI()/180)) -> 3049240.4 | AT78: =J78+($O$1-O78)-R78+AN78-(AN78-Q78)*(SIN(S78*PI()/180))-L78 -> 56.365 | AW78: =AQ78-'Estacas Hurd'!AQ78 -> -0.24
A79: EH75 | D79: SÍ | S79: 90 | AM79: =AVERAGE(U79:AC79) -> #DIV/0! | AN79: 3.67 | AQ79: =AN79-(AN79-Q79)*(SIN((S79+AX79)*PI()/180))/(COS(AX79*PI()/180)) -> 0 | AR79: =H79+($M$1-M79)-(AN79-Q79)*(COS(S79*PI()/180))*(SIN((T79+13+2.3)*PI()/180)) -> 633905.22 | AS79: =I79+($N$1-N79)-(AN79-Q79)*(COS(S79*PI()/180))*(COS((T79+13+2.3)*PI()/180)) -> 3049240.4 | AT79: =J79+($O$1-O79)-R79+AN79-(AN79-Q79)*(SIN(S79*PI()/180))-L79 -> 56.365 | AW79: =AQ79-'Estacas Hurd'!AQ79 -> -0.44

Sheet Estacas Johnsons
A1: Campaña | B1: 2023-2024 | C1: Tanda | D1: a | E1: Operador | F1: Ricardo Rodríguez Cielos | G1: Instrumento | H1: Trimble R8S+TSC3(bluetooth) | L1: X0,Y0,Z0 | M1: 633905.23 | N1: 3049240.4 | O1: =56.39-0.11 -> 56.28 | P1: Estacas JOHNSONS 1ª fase 2023/2024
A2: Id. estaca | B2: Fecha | C2: Hora (UT) | D2: ¿Mto.? | E2: PreMtoFecha | F2: PreMtoHora | G2: Fichero fuente | H2: Xm (E-UTM) | I2: Ym (N-UTM) | J2: Zm (WGS84) | K2: Código | L2: Dant | M2: Xr (E-UTM) | N2: Yr (N-UTM) | O2: Zr (WGS84) | P2: Comentarios sobre medida GPS | Q2: he (m) | R2: hm (m) | S2: e(deg) | T2: fm(deg) | Y2: H usados en media (m) | AH2: H no usados en media (m) | AM2: H (m) | AN2: l (m) | AO2: Comentarios medidas manuales | AP2: Recursos gráficos asociados | AQ2: h (m) | AR2: X (E-UTM) | AS2: Y (N-UTM) | AT2: Z (WGS84) | AU2: ¿40? | AV2: Coment. sobre medida corregida | AX2: a(deg)
B3: dd-mm-aa | C3: hh:mm | D3: Dejar NO | E3: Dejar vacío | F3: Dejar vacío | H3: xxxxxx,xx | I3: yyyyyyy,yy | J3: zzz,zz | M3: xxxxxx,xxx | N3: yyyyyyy,yyy | O3: zzz,zzz | Q3: hh,hh | R3: hh,hh | S3: g | T3: g | U3: H1 | V3: H2 | W3: H3 | X3: H4 | Y3: H5 | Z3: H6 | AA3: H7 | AB3: H8 | AC3: H9 | AD3: H1 | AE3: H2 | AF3: H3 | AG3: H4 | AH3: H5 | AI3: H6 | AJ3: H7 | AK3: H8 | AL3: H9 | AM3: HH,HH | AN3: ll,ll | AQ3: hh,hh | AR3: xxxxxx,xx | AS3: yyyyyyy,yy | AT3: zzz,zz
A5: EJ01
A6: EJ02
A7: EJ03 | B7: 08-01-24 | C7: 19:58 | D7: NO | G7: rrc_20240108_gla | H7: 635059.21 | I7: 3047841.6 | J7: 222.18 | K7: RTK | L7: 1.96 | M7: 633905.23 | N7: 3049240.4 | O7: 56.39 | P7: Altura antena 1,96 incluida en Zm vía data controller; por eso se corrigen en Excel Delta_ant y hm | Q7: -0.05 | R7: 1.91 | S7: 90 | U7: 1.87 | V7: 1.94 | W7: 1.79 | X7: 1.7 | Y7: 1.69 | AM7: =AVERAGE(U7:AC7) -> 1.798 | AN7: 3.67 | AQ7: =AN7-(AN7-Q7)*(SIN((S7+AX7)*PI()/180))/(COS(AX7*PI()/180)) -> -0.05 | AR7: =H7+($M$1-M7)-(AN7-Q7)*(COS(S7*PI()/180))*(SIN((T7+13+2.3)*PI()/180)) -> 635059.21 | AS7: =I7+($N$1-N7)-(AN7-Q7)*(COS(S7*PI()/180))*(COS((T7+13+2.3)*PI()/180)) -> 3047841.6 | AT7: =J7+($O$1-O7)-R7+AN7-(AN7-Q7)*(SIN(S7*PI()/180))-L7 -> 218.15
A8: EJ03r
A9: EJ04 | B9: 03-01-24 | C9: 18:36 | D9: NO | G9: rrc_20240103_gla | H9: 635107.04 | I9: 3048207.3 | J9: 185.095 | K9: RTK | L9: 1.96 | M9: 633905.23 | N9: 3049240.4 | O9: 56.39 | P9: Altura antena 1,96 incluida en Zm vía data controller; por eso se corrigen en Excel Delta_ant y hm | Q9: -0.25 | R9: 1.71 | S9: 90 | U9: 1.49 | V9: 1.53 | W9: 1.59 | X9: 1.54 | Y9: 1.55 | AM9: =AVERAGE(U9:AC9) -> 1.54 | AN9: 3.67 | AQ9: =AN9-(AN9-Q9)*(SIN((S9+AX9)*PI()/180))/(COS(AX9*PI()/180)) -> -0.25 | AR9: =H9+($M$1-M9)-(AN9-Q9)*(COS(S9*PI()/180))*(SIN((T9+13+2.3)*PI()/180)) -> 635107.04 | AS9: =I9+($N$1-N9)-(AN9-Q9)*(COS(S9*PI()/180))*(COS((T9+13+2.3)*PI()/180)) -> 3048207.3 | AT9: =J9+($O$1-O9)-R9+AN9-(AN9-Q9)*(SIN(S9*PI()/180))-L9 -> 181.065
A10: EJ04r
A11: EJ05 | B11: 05-01-24 | C11: 15:44 | D11: NO | G11: rrc_20240105_gla | H11: 635170.51 | I11: 3048653.1 | J11: 148.142 | K11: RTK | L11: 1.96 | M11: 633905.23 | N11: 3049240.4 | O11: 56.39 | P11: Altura antena 1,96 incluida en Zm vía data controller; por eso se corrigen en Excel Delta_ant y hm | Q11: -0.04 | R11: 1.92 | S11: 90 | U11: 0.79 | V11: 0.92 | W11: 0.93 | X11: 0.81 | Y11: 0.69 | AM11: =AVERAGE(U11:AC11) -> 0.828 | AN11: 3.67 | AQ11: =AN11-(AN11-Q11)*(SIN((S11+AX11)*PI()/180))/(COS(AX11*PI()/180)) -> -0.04 | AR11: =H11+($M$1-M11)-(AN11-Q11)*(COS(S11*PI()/180))*(SIN((T11+13+2.3)*PI()/180)) -> 635170.51 | AS11: =I11+($N$1-N11)-(AN11-Q11)*(COS(S11*PI()/180))*(COS((T11+13+2.3)*PI()/180)) -> 3048653.1 | AT11: =J11+($O$1-O11)-R11+AN11-(AN11-Q11)*(SIN(S11*PI()/180))-L11 -> 144.112
A12: EJ05r
A13: EJ06
A14: EJ06r
A15: EJ07
A16: EJ08
A17: EJ09 | B17: 04-01-24 | C17: 20:02 | D17: NO | G17: rrc_20240104_gla | H17: 636318.84 | I17: 3049668.5 | J17: 283.136 | K17: RTK | L17: 1.96 | M17: 633905.23 | N17: 3049240.4 | O17: 56.39 | P17: Altura antena 1,96 incluida en Zm vía data controller; por eso se corrigen en Excel Delta_ant y hm | Q17: -0.53 | R17: 1.43 | S17: 90 | U17: 2.4 | V17: 2.4 | W17: 2.4 | X17: 2.4 | Y17: 2.4 | AM17: =AVERAGE(U17:AC17) -> 2.4 | AN17: 3.67 | AQ17: =AN17-(AN17-Q17)*(SIN((S17+AX17)*PI()/180))/(COS(AX17*PI()/180)) -> -0.53 | AR17: =H17+($M$1-M17)-(AN17-Q17)*(COS(S17*PI()/180))*(SIN((T17+13+2.3)*PI()/180)) -> 636318.84 | AS17: =I17+($N$1-N17)-(AN17-Q17)*(COS(S17*PI()/180))*(COS((T17+13+2.3)*PI()/180)) -> 3049668.5 | AT17: =J17+($O$1-O17)-R17+AN17-(AN17-Q17)*(SIN(S17*PI()/180))-L17 -> 279.106
A18: EJ10 | B18: 04-01-24 | C18: 20:29 | D18: NO | G18: rrc_20240104_gla | H18: 635945.1 | I18: 3049411.7 | J18: 206.765 | K18: RTK | L18: 1.96 | M18: 633905.23 | N18: 3049240.4 | O18: 56.39 | P18: Altura antena 1,96 incluida en Zm vía data controller; por eso se corrigen en Excel Delta_ant y hm | Q18: -0.32 | R18: 1.64 | S18: 90 | U18: 1.46 | V18: 1.58 | W18: 1.64 | X18: 1.24 | Y18: 1.33 | AM18: =AVERAGE(U18:AC18) -> 1.45 | AN18: 3.67 | AQ18: =AN18-(AN18-Q18)*(SIN((S18+AX18)*PI()/180))/(COS(AX18*PI()/180)) -> -0.32 | AR18: =H18+($M$1-M18)-(AN18-Q18)*(COS(S18*PI()/180))*(SIN((T18+13+2.3)*PI()/180)) -> 635945.1 | AS18: =I18+($N$1-N18)-(AN18-Q18)*(COS(S18*PI()/180))*(COS((T18+13+2.3)*PI()/180)) -> 3049411.7 | AT18: =J18+($O$1-O18)-R18+AN18-(AN18-Q18)*(SIN(S18*PI()/180))-L18 -> 202.735
A19: EJ10r
A20: EJ11
A21: EJ11r
A22: EJ12
A23: EJ13
A24: EJ14
A25: EJ14r
A26: EJ15
A27: EJ16
A28: EJ16r
A29: EJ17
A30: EJ17r
... A36: EJ20r
A37: EJ21 | B37: 03-01-24 | C37: 19:27 | D37: NO | G37: rrc_20240103_gla | H37: 635908.13 | I37: 3047869.5 | J37: 214.458 | K37: RTK | L37: 1.96 | M37: 633905.23 | N37: 3049240.4 | O37: 56.39 | P37: Altura antena 1,96 incluida en Zm vía data controller; por eso se corrigen en Excel Delta_ant y hm | Q37: -0.28 | R37: 1.68 | S37: 90 | U37: 1.65 | V37: 1.62 | W37: 1.58 | X37: 1.58 | Y37: 1.6 | AM37: =AVERAGE(U37:AC37) -> 1.606 | AN37: 3.67 | AQ37: =AN37-(AN37-Q37)*(SIN((S37+AX37)*PI()/180))/(COS(AX37*PI()/180)) -> -0.28 | AR37: =H37+($M$1-M37)-(AN37-Q37)*(COS(S37*PI()/180))*(SIN((T37+13+2.3)*PI()/180)) -> 635908.13 | AS37: =I37+($N$1-N37)-(AN37-Q37)*(COS(S37*PI()/180))*(COS((T37+13+2.3)*PI()/180)) -> 3047869.5 | AT37: =J37+($O$1-O37)-R37+AN37-(AN37-Q37)*(SIN(S37*PI()/180))-L37 -> 210.428
A38: EJ22 | B38: 03-01-24 | C38: 18:54 | D38: NO | G38: rrc_20240103_gla | H38: 635711.83 | I38: 3048163.6 | J38: 195.029 | K38: RTK | L38: 0.001 | M38: 633905.23 | N38: 3049240.4 | O38: 56.39 | P38: Altura antena 0,001 incluida en Zm vía data controller; por eso se corrigen en Excel Delta_ant y hm. Sobre estaca | Q38: 0.96 | R38: 0.961 | S38: 90 | U38: 1.32 | V38: 1.25 | W38: 1.26 | X38: 1.3 | Y38: 1.28 | AM38: =AVERAGE(U38:AC38) -> 1.282 | AN38: 3.67 | AQ38: =AN38-(AN38-Q38)*(SIN((S38+AX38)*PI()/180))/(COS(AX38*PI()/180)) -> 0.96 | AR38: =H38+($M$1-M38)-(AN38-Q38)*(COS(S38*PI()/180))*(SIN((T38+13+2.3)*PI()/180)) -> 635711.83 | AS38: =I38+($N$1-N38)-(AN38-Q38)*(COS(S38*PI()/180))*(COS((T38+13+2.3)*PI()/180)) -> 3048163.6 | AT38: =J38+($O$1-O38)-R38+AN38-(AN38-Q38)*(SIN(S38*PI()/180))-L38 -> 194.917
A39: EJ23 | B39: 03-01-24 | C39: 19:01 | D39: NO | G39: rrc_20240103_gla | H39: 635601.46 | I39: 3048422.4 | J39: 174.999 | K39: RTK | L39: 0.001 | M39: 633905.23 | N39: 3049240.4 | O39: 56.39 | P39: Altura antena 0,001 incluida en Zm vía data controller; por eso se corrigen en Excel Delta_ant y hm. Sobre estaca | Q39: 0.92 | R39: 0.921 | S39: 90 | U39: 1.5 | V39: 1.45 | W39: 1.38 | X39: 1.4 | Y39: 1.44 | AM39: =AVERAGE(U39:AC39) -> 1.434 | AN39: 3.67 | AQ39: =AN39-(AN39-Q39)*(SIN((S39+AX39)*PI()/180))/(COS(AX39*PI()/180)) -> 0.92 | AR39: =H39+($M$1-M39)-(AN39-Q39)*(COS(S39*PI()/180))*(SIN((T39+13+2.3)*PI()/180)) -> 635601.46 | AS39: =I39+($N$1-N39)-(AN39-Q39)*(COS(S39*PI()/180))*(COS((T39+13+2.3)*PI()/180)) -> 3048422.4 | AT39: =J39+($O$1-O39)-R39+AN39-(AN39-Q39)*(SIN(S39*PI()/180))-L39 -> 174.887
A40: EJ24 | B40: 04-01-24 | C40: 17:15 | D40: NO | G40: rrc_20240104_gla | H40: 635518.94 | I40: 3047623.4 | J40: 230.059 | K40: RTK | L40: 1.96 | M40: 633905.23 | N40: 3049240.4 | O40: 56.39 | P40: Altura antena 0,78 incluida en Zm vía data controller; por eso se corrigen en Excel Delta_ant y hm | Q40: 0.48 | R40: 2.44 | S40: 90 | U40: 1.52 | V40: 1.65 | W40: 1.52 | X40: 1.51 | Y40: 1.55 | AM40: =AVERAGE(U40:AC40) -> 1.55 | AN40: 3.67 | AQ40: =AN40-(AN40-Q40)*(SIN((S40+AX40)*PI()/180))/(COS(AX40*PI()/180)) -> 0.48 | AR40: =H40+($M$1-M40)-(AN40-Q40)*(COS(S40*PI()/180))*(SIN((T40+13+2.3)*PI()/180)) -> 635518.94 | AS40: =I40+($N$1-N40)-(AN40-Q40)*(COS(S40*PI()/180))*(COS((T40+13+2.3)*PI()/180)) -> 3047623.4 | AT40: =J40+($O$1-O40)-R40+AN40-(AN40-Q40)*(SIN(S40*PI()/180))-L40 -> 226.029
A41: EJ25
A42: EJ26 | B42: 04-01-24 | C42: 20:13 | D42: NO | G42: rrc_20240104_gla | H42: 636212.07 | I42: 3049089.3 | J42: 212.643 | K42: RTK | L42: 1.96 | M42: 633905.23 | N42: 3049240.4 | O42: 56.39 | P42: Altura antena 1,96 incluida en Zm vía data controller; por eso se corrigen en Excel Delta_ant y hm | Q42: -0.12 | R42: 1.84 | S42: 90 | U42: 2.1 | V42: 2.15 | W42: 2.05 | X42: 1.98 | Y42: 2.02 | AM42: =AVERAGE(U42:AC42) -> 2.06 | AN42: 3.67 | AQ42: =AN42-(AN42-Q42)*(SIN((S42+AX42)*PI()/180))/(COS(AX42*PI()/180)) -> -0.12 | AR42: =H42+($M$1-M42)-(AN42-Q42)*(COS(S42*PI()/180))*(SIN((T42+13+2.3)*PI()/180)) -> 636212.07 | AS42: =I42+($N$1-N42)-(AN42-Q42)*(COS(S42*PI()/180))*(COS((T42+13+2.3)*PI()/180)) -> 3049089.3 | AT42: =J42+($O$1-O42)-R42+AN42-(AN42-Q42)*(SIN(S42*PI()/180))-L42 -> 208.613
A43: EJ27 | B43: 05-01-24 | C43: 15:44 | D43: NO | G43: rrc_20240105_gla | H43: 635838.09 | I43: 3049042.6 | J43: 173.457 | K43: RTK | L43: 0.47 | M43: 633905.23 | N43: 3049240.4 | O43: 56.39 | P43: Altura antena 0,47 incluida en Zm vía data controller; por eso se corrigen en Excel Delta_ant y hm | Q43: 0.95 | R43: 1.42 | S43: 90 | U43: 1.21 | V43: 1.25 | W43: 1.28 | X43: 0.94 | Y43: 1.22 | AM43: =AVERAGE(U43:AC43) -> 1.18 | AN43: 3.67 | AQ43: =AN43-(AN43-Q43)*(SIN((S43+AX43)*PI()/180))/(COS(AX43*PI()/180)) -> 0.95 | AR43: =H43+($M$1-M43)-(AN43-Q43)*(COS(S43*PI()/180))*(SIN((T43+13+2.3)*PI()/180)) -> 635838.09 | AS43: =I43+($N$1-N43)-(AN43-Q43)*(COS(S43*PI()/180))*(COS((T43+13+2.3)*PI()/180)) -> 3049042.6 | AT43: =J43+($O$1-O43)-R43+AN43-(AN43-Q43)*(SIN(S43*PI()/180))-L43 -> 172.407
A44: EJ28
A45: EJ29
A46: EJ30 | B46: 04-01-24 | C46: 19:42 | D46: NO | G46: rrc_20240104_gla | H46: 636674.35 | I46: 3049165.8 | J46: 248.898 | K46: RTK | L46: 1.96 | M46: 633905.23 | N46: 3049240.4 | O46: 56.39 | P46: Altura antena 1,96 incluida en Zm vía data controller; por eso se corrigen en Excel Delta_ant y hm | Q46: -0.14 | R46: 1.82 | S46: 90 | U46: 1.93 | V46: 1.95 | W46: 1.96 | X46: 1.96 | Y46: 1.92 | AM46: =AVERAGE(U46:AC46) -> 1.944 | AN46: 3.67 | AQ46: =AN46-(AN46-Q46)*(SIN((S46+AX46)*PI()/180))/(COS(AX46*PI()/180)) -> -0.14 | AR46: =H46+($M$1-M46)-(AN46-Q46)*(COS(S46*PI()/180))*(SIN((T46+13+2.3)*PI()/180)) -> 636674.35 | AS46: =I46+($N$1-N46)-(AN46-Q46)*(COS(S46*PI()/180))*(COS((T46+13+2.3)*PI()/180)) -> 3049165.8 | AT46: =J46+($O$1-O46)-R46+AN46-(AN46-Q46)*(SIN(S46*PI()/180))-L46 -> 244.868
A47: EJ31 | B47: 04-01-24 | C47: 17:39 | D47: NO | G47: rrc_20240104_gla | H47: 635224.38 | I47: 3047094.3 | J47: 300.741 | K47: RTK | L47: 1.96 | M47: 633905.23 | N47: 3049240.4 | O47: 56.39 | P47: Altura antena 1,96 incluida en Zm vía data controller; por eso se corrigen en Excel Delta_ant y hm | Q47: -0.25 | R47: 1.71 | S47: 90 | U47: 2.19 | V47: 2.25 | W47: 2.05 | X47: 2.2 | Y47: 2.15 | AM47: =AVERAGE(U47:AC47) -> 2.168 | AN47: 3.67 | AQ47: =AN47-(AN47-Q47)*(SIN((S47+AX47)*PI()/180))/(COS(AX47*PI()/180)) -> -0.25 | AR47: =H47+($M$1-M47)-(AN47-Q47)*(COS(S47*PI()/180))*(SIN((T47+13+2.3)*PI()/180)) -> 635224.38 | AS47: =I47+($N$1-N47)-(AN47-Q47)*(COS(S47*PI()/180))*(COS((T47+13+2.3)*PI()/180)) -> 3047094.3 | AT47: =J47+($O$1-O47)-R47+AN47-(AN47-Q47)*(SIN(S47*PI()/180))-L47 -> 296.711
A48: EJ32
A49: EJ33
A50: EJ34 | B50: 03-01-24 | C50: 17:08 | D50: NO | G50: rrc_20240103_gla | H50: 634270.03 | I50: 3047884.5 | J50: 285.411 | K50: RTK | L50: 1.96 | M50: 633905.23 | N50: 3049240.4 | O50: 56.39 | P50: Altura antena 1,96 incluida en Zm vía data controller; por eso se corrigen en Excel Delta_ant y hm | Q50: -0.19 | R50: 1.77 | S50: 90 | U50: 1.2 | V50: 1.2 | W50: 1.25 | X50: 1.4 | Y50: 1.4 | AM50: =AVERAGE(U50:AC50) -> 1.29 | AN50: 3.67 | AQ50: =AN50-(AN50-Q50)*(SIN((S50+AX50)*PI()/180))/(COS(AX50*PI()/180)) -> -0.19 | AR50: =H50+($M$1-M50)-(AN50-Q50)*(COS(S50*PI()/180))*(SIN((T50+13+2.3)*PI()/180)) -> 634270.03 | AS50: =I50+($N$1-N50)-(AN50-Q50)*(COS(S50*PI()/180))*(COS((T50+13+2.3)*PI()/180)) -> 3047884.5 | AT50: =J50+($O$1-O50)-R50+AN50-(AN50-Q50)*(SIN(S50*PI()/180))-L50 -> 281.381
A51: EJ35 | B51: 03-01-24 | C51: 19:09 | D51: NO | G51: rrc_20240103_gla | H51: 636070.27 | I51: 3048729.7 | J51: 191.932 | K51: RTK | L51: 1.96 | M51: 633905.23 | N51: 3049240.4 | O51: 56.39 | P51: Altura antena 1,96. A ras de nieve, pero pongo 0,01 para evitar error | Q51: 0.01 | R51: 1.97 | S51: 90 | U51: 2.1 | V51: 2.01 | W51: 2.12 | X51: 2.1 | Y51: 2.11 | AM51: =AVERAGE(U51:AC51) -> 2.088 | AN51: 3.67 | AQ51: =AN51-(AN51-Q51)*(SIN((S51+AX51)*PI()/180))/(COS(AX51*PI()/180)) -> 0.01 | AR51: =H51+($M$1-M51)-(AN51-Q51)*(COS(S51*PI()/180))*(SIN((T51+13+2.3)*PI()/180)) -> 636070.27 | AS51: =I51+($N$1-N51)-(AN51-Q51)*(COS(S51*PI()/180))*(COS((T51+13+2.3)*PI()/180)) -> 3048729.7 | AT51: =J51+($O$1-O51)-R51+AN51-(AN51-Q51)*(SIN(S51*PI()/180))-L51 -> 187.902
A52: EJ36
A53: EJ37
A54: EJ38
A55: EJ39 | B55: 04-01-24 | C55: 19:32 | D55: NO | G55: rrc_20240104_gla | H55: 636862.46 | I55: 3048869.3 | J55: 253.468 | K55: RTK | L55: 1.96 | M55: 633905.23 | N55: 3049240.4 | O55: 56.39 | P55: Altura antena 1,96 incluida en Zm vía data controller; por eso se corrigen en Excel Delta_ant y hm | Q55: 0.1 | R55: 2.06 | S55: 90 | U55: 1.95 | V55: 1.96 | W55: 1.92 | X55: 1.98 | Y55: 1.9 | AM55: =AVERAGE(U55:AC55) -> 1.942 | AN55: 3.67 | AQ55: =AN55-(AN55-Q55)*(SIN((S55+AX55)*PI()/180))/(COS(AX55*PI()/180)) -> 0.1 | AR55: =H55+($M$1-M55)-(AN55-Q55)*(COS(S55*PI()/180))*(SIN((T55+13+2.3)*PI()/180)) -> 636862.46 | AS55: =I55+($N$1-N55)-(AN55-Q55)*(COS(S55*PI()/180))*(COS((T55+13+2.3)*PI()/180)) -> 3048869.3 | AT55: =J55+($O$1-O55)-R55+AN55-(AN55-Q55)*(SIN(S55*PI()/180))-L55 -> 249.438
A56: EJ40
A57: EJ41
A58: EJ42
A59: EJ43
A60: EJ44
A61: EJ45 | B61: 05-01-24 | C61: 15:44 | D61: NO | G61: rrc_20240105_gla | H61: 635384.93 | I61: 3048930.5 | J61: 125.783 | K61: RTK | L61: 0.001 | M61: 633905.23 | N61: 3049240.4 | O61: 56.39 | P61: Altura antena 0,001 incluida en Zm vía data controller; por eso se corrigen en Excel Delta_ant y hm. Sobre estaca | Q61: 1.91 | R61: 1.911 | S61: 90 | U61: 0.41 | V61: 0.41 | W61: 0.48 | X61: 0.41 | Y61: 0.44 | AM61: =AVERAGE(U61:AC61) -> 0.43 | AN61: 3.67 | AQ61: =AN61-(AN61-Q61)*(SIN((S61+AX61)*PI()/180))/(COS(AX61*PI()/180)) -> 1.91 | AR61: =H61+($M$1-M61)-(AN61-Q61)*(COS(S61*PI()/180))*(SIN((T61+13+2.3)*PI()/180)) -> 635384.93 | AS61: =I61+($N$1-N61)-(AN61-Q61)*(COS(S61*PI()/180))*(COS((T61+13+2.3)*PI()/180)) -> 3048930.5 | AT61: =J61+($O$1-O61)-R61+AN61-(AN61-Q61)*(SIN(S61*PI()/180))-L61 -> 125.671
A62: EJ46
A63: EJ47
A64: EJ48 | B64: 03-01-24 | C64: 18:06 | D64: NO | G64: rrc_20240103_gla | H64: 634726.06 | I64: 3048365.9 | J64: 193.449 | K64: RTK | L64: 1.96 | M64: 633905.23 | N64: 3049240.4 | O64: 56.39 | P64: Altura antena 1,96 incluida en Zm vía data controller; por eso se corrigen en Excel Delta_ant y hm | Q64: 0.24 | R64: 2.2 | S64: 90 | U64: 1.6 | V64: 1.66 | W64: 1.58 | X64: 1.62 | Y64: 1.65 | AM64: =AVERAGE(U64:AC64) -> 1.622 | AN64: 3.67 | AQ64: =AN64-(AN64-Q64)*(SIN((S64+AX64)*PI()/180))/(COS(AX64*PI()/180)) -> 0.24 | AR64: =H64+($M$1-M64)-(AN64-Q64)*(COS(S64*PI()/180))*(SIN((T64+13+2.3)*PI()/180)) -> 634726.06 | AS64: =I64+($N$1-N64)-(AN64-Q64)*(COS(S64*PI()/180))*(COS((T64+13+2.3)*PI()/180)) -> 3048365.9 | AT64: =J64+($O$1-O64)-R64+AN64-(AN64-Q64)*(SIN(S64*PI()/180))-L64 -> 189.419
A65: EJ49
A66: EJ50 | B66: 05-01-24 | C66: 15:44 | D66: NO | G66: rrc_20240105_gla | H66: 635713.2 | I66: 3048730.3 | J66: 164.233 | K66: RTK | L66: 0.001 | M66: 633905.23 | N66: 3049240.4 | O66: 56.39 | P66: Altura antena 0,001 incluida en Zm vía data controller; por eso se corrigen en Excel Delta_ant y hm. Sobre estaca | Q66: 1.46 | R66: 1.461 | S66: 90 | U66: 0.59 | V66: 0.87 | W66: 0.59 | X66: 0.82 | Y66: 0.63 | AM66: =AVERAGE(U66:AC66) -> 0.7 | AN66: 3.67 | AQ66: =AN66-(AN66-Q66)*(SIN((S66+AX66)*PI()/180))/(COS(AX66*PI()/180)) -> 1.46 | AR66: =H66+($M$1-M66)-(AN66-Q66)*(COS(S66*PI()/180))*(SIN((T66+13+2.3)*PI()/180)) -> 635713.2 | AS66: =I66+($N$1-N66)-(AN66-Q66)*(COS(S66*PI()/180))*(COS((T66+13+2.3)*PI()/180)) -> 3048730.3 | AT66: =J66+($O$1-O66)-R66+AN66-(AN66-Q66)*(SIN(S66*PI()/180))-L66 -> 164.121
A67: EJ51 | B67: 05-01-24 | C67: 15:44 | D67: NO | G67: rrc_20240105_gla | H67: 635576.9 | I67: 3049011.1 | J67: 142.65 | K67: RTK | L67: 0.4 | M67: 633905.23 | N67: 3049240.4 | O67: 56.39 | P67: Altura antena 0,40 incluida en Zm vía data controller; por eso se corrigen en Excel Delta_ant y hm | Q67: 1.21 | R67: 1.61 | S67: 90 | U67: 0 | V67: 0 | W67: 0 | X67: 0 | Y67: 0 | AM67: =AVERAGE(U67:AC67) -> 0 | AN67: 3.67 | AQ67: =AN67-(AN67-Q67)*(SIN((S67+AX67)*PI()/180))/(COS(AX67*PI()/180)) -> 1.21 | AR67: =H67+($M$1-M67)-(AN67-Q67)*(COS(S67*PI()/180))*(SIN((T67+13+2.3)*PI()/180)) -> 635576.9 | AS67: =I67+($N$1-N67)-(AN67-Q67)*(COS(S67*PI()/180))*(COS((T67+13+2.3)*PI()/180)) -> 3049011.1 | AT67: =J67+($O$1-O67)-R67+AN67-(AN67-Q67)*(SIN(S67*PI()/180))-L67 -> 141.74
A68: EJ52
A69: EJ53
A70: EJ54 | B70: 08-01-24 | C70: 16:24 | D70: NO | G70: rrc_20240108_gla | H70: 635695.44 | I70: 3049193.1 | J70: 129.95 | K70: RTK | L70: 1.96 | M70: 633905.23 | N70: 3049240.4 | O70: 56.39 | P70: Altura antena 1,96 incluida en Zm vía data controller; por eso se corrigen en Excel Delta_ant y hm | Q70: -1.61 | R70: 0.35 | S70: 65.84 | T70: 266.32 | U70: 2.4 | V70: 2.4 | W70: 2.4 | X70: 2.4 | Y70: 2.4 | AM70: =AVERAGE(U70:AC70) -> 2.4 | AN70: 3.67 | AQ70: =AN70-(AN70-Q70)*(SIN((S70+AX70)*PI()/180))/(COS(AX70*PI()/180)) -> -1.1475041 | AR70: =H70+($M$1-M70)-(AN70-Q70)*(COS(S70*PI()/180))*(SIN((T70+13+2.3)*PI()/180)) -> 635697.55 | AS70: =I70+($N$1-N70)-(AN70-Q70)*(COS(S70*PI()/180))*(COS((T70+13+2.3)*PI()/180)) -> 3049192.7 | AT70: =J70+($O$1-O70)-R70+AN70-(AN70-Q70)*(SIN(S70*PI()/180))-L70 -> 126.3825
A71: EJ55 | P71: Aunque está localizada, muy profunda. No se sigue buscando. Se replanta
A72: EJ56
A73: EJ57 | B73: 04-01-24 | C73: 18:08 | D73: NO | G73: rrc_20240104_gla | H73: 634375.63 | I73: 3047600.9 | J73: 306.293 | K73: RTK | L73: 0.77 | M73: 633905.23 | N73: 3049240.4 | O73: 56.39 | P73: Altura antena 0,77 incluida en Zm vía data controller; por eso se corrigen en Excel Delta_ant y hm | Q73: 0.18 | R73: 0.95 | S73: 90 | U73: 1.79 | V73: 1.88 | W73: 1.89 | X73: 1.75 | Y73: 1.88 | AM73: =AVERAGE(U73:AC73) -> 1.838 | AN73: 3.67 | AQ73: =AN73-(AN73-Q73)*(SIN((S73+AX73)*PI()/180))/(COS(AX73*PI()/180)) -> 0.18 | AR73: =H73+($M$1-M73)-(AN73-Q73)*(COS(S73*PI()/180))*(SIN((T73+13+2.3)*PI()/180)) -> 634375.63 | AS73: =I73+($N$1-N73)-(AN73-Q73)*(COS(S73*PI()/180))*(COS((T73+13+2.3)*PI()/180)) -> 3047600.9 | AT73: =J73+($O$1-O73)-R73+AN73-(AN73-Q73)*(SIN(S73*PI()/180))-L73 -> 304.643
A74: EJ58 | B74: 04-01-24 | C74: 17:20 | D74: NO | G74: rrc_20240104_gla | H74: 634973.17 | I74: 3046705.4 | J74: 339.694 | K74: RTK | L74: 0.89 | M74: 633905.23 | N74: 3049240.4 | O74: 56.39 | P74: Altura antena 0,89 incluida en Zm vía data controller; por eso se corrigen en Excel Delta_ant y hm | Q74: 0.06 | R74: 0.95 | S74: 90 | U74: 2.17 | V74: 2.18 | W74: 2.25 | X74: 2.25 | Y74: 2.17 | AM74: =AVERAGE(U74:AC74) -> 2.204 | AN74: 3.67 | AQ74: =AN74-(AN74-Q74)*(SIN((S74+AX74)*PI()/180))/(COS(AX74*PI()/180)) -> 0.06 | AR74: =H74+($M$1-M74)-(AN74-Q74)*(COS(S74*PI()/180))*(SIN((T74+13+2.3)*PI()/180)) -> 634973.17 | AS74: =I74+($N$1-N74)-(AN74-Q74)*(COS(S74*PI()/180))*(COS((T74+13+2.3)*PI()/180)) -> 3046705.4 | AT74: =J74+($O$1-O74)-R74+AN74-(AN74-Q74)*(SIN(S74*PI()/180))-L74 -> 337.804
A75: EJ59 | B75: 03-01-24 | C75: 19:17 | D75: NO | G75: rrc_20240103_gla | H75: 636157.69 | I75: 3048357.7 | J75: 215.362 | K75: RTK | L75: 1.96 | M75: 633905.23 | N75: 3049240.4 | O75: 56.39 | P75: Altura antena 1,96 incluida en Zm vía data controller; por eso se corrigen en Excel Delta_ant y hm | Q75: -0.07 | R75: 1.89 | S75: 90 | U75: 1.95 | V75: 2 | W75: 1.85 | X75: 1.98 | Y75: 1.85 | AM75: =AVERAGE(U75:AC75) -> 1.926 | AN75: 3.67 | AQ75: =AN75-(AN75-Q75)*(SIN((S75+AX75)*PI()/180))/(COS(AX75*PI()/180)) -> -0.07 | AR75: =H75+($M$1-M75)-(AN75-Q75)*(COS(S75*PI()/180))*(SIN((T75+13+2.3)*PI()/180)) -> 636157.69 | AS75: =I75+($N$1-N75)-(AN75-Q75)*(COS(S75*PI()/180))*(COS((T75+13+2.3)*PI()/180)) -> 3048357.7 | AT75: =J75+($O$1-O75)-R75+AN75-(AN75-Q75)*(SIN(S75*PI()/180))-L75 -> 211.332
A76: EJ60 | B76: 04-01-24 | C76: 19:52 | D76: NO | G76: rrc_20240104_gla | H76: 636755.54 | I76: 3049592.2 | J76: 265.92 | K76: RTK | L76: 1.96 | M76: 633905.23 | N76: 3049240.4 | O76: 56.39 | P76: Altura antena 1,96 incluida en Zm vía data controller; por eso se corrigen en Excel Delta_ant y hm | Q76: -0.2 | R76: 1.76 | S76: 90 | U76: 2.15 | V76: 2.2 | W76: 1.98 | X76: 2.14 | Y76: 2.16 | AM76: =AVERAGE(U76:AC76) -> 2.126 | AN76: 3.67 | AQ76: =AN76-(AN76-Q76)*(SIN((S76+AX76)*PI()/180))/(COS(AX76*PI()/180)) -> -0.2 | AR76: =H76+($M$1-M76)-(AN76-Q76)*(COS(S76*PI()/180))*(SIN((T76+13+2.3)*PI()/180)) -> 636755.54 | AS76: =I76+($N$1-N76)-(AN76-Q76)*(COS(S76*PI()/180))*(COS((T76+13+2.3)*PI()/180)) -> 3049592.2 | AT76: =J76+($O$1-O76)-R76+AN76-(AN76-Q76)*(SIN(S76*PI()/180))-L76 -> 261.89
A77: EJ61 | B77: 05-01-24 | C77: 15:44 | D77: NO | G77: rrc_20240105_gla | H77: 635455.1 | I77: 3048802 | J77: 140.276 | K77: RTK | L77: 1.96 | M77: 633905.23 | N77: 3049240.4 | O77: 56.39 | P77: Altura antena 1,96 incluida en Zm vía data controller; por eso se corrigen en Excel Delta_ant y hm | Q77: 0.09 | R77: 2.05 | S77: 90 | U77: 0.47 | V77: 0.53 | W77: 0.53 | X77: 0.51 | Y77: 0.51 | AM77: =AVERAGE(U77:AC77) -> 0.51 | AN77: 3.67 | AQ77: =AN77-(AN77-Q77)*(SIN((S77+AX77)*PI()/180))/(COS(AX77*PI()/180)) -> 0.09 | AR77: =H77+($M$1-M77)-(AN77-Q77)*(COS(S77*PI()/180))*(SIN((T77+13+2.3)*PI()/180)) -> 635455.1 | AS77: =I77+($N$1-N77)-(AN77-Q77)*(COS(S77*PI()/180))*(COS((T77+13+2.3)*PI()/180)) -> 3048802 | AT77: =J77+($O$1-O77)-R77+AN77-(AN77-Q77)*(SIN(S77*PI()/180))-L77 -> 136.246
A78: EJ62 | B78: 05-01-24 | C78: 15:44 | D78: NO | G78: rrc_20240105_gla | H78: 635181.37 | I78: 3048825.1 | J78: 133.161 | K78: RTK | L78: 1.96 | M78: 633905.23 | N78: 3049240.4 | O78: 56.39 | P78: Altura antena 1,96 incluida en Zm vía data controller; por eso se corrigen en Excel Delta_ant y hm | Q78: 0.41 | R78: 2.37 | S78: 90 | U78: 0.14 | V78: 0.21 | W78: 0.18 | X78: 0.17 | Y78: 0.2 | AM78: =AVERAGE(U78:AC78) -> 0.18 | AN78: 3.67 | AQ78: =AN78-(AN78-Q78)*(SIN((S78+AX78)*PI()/180))/(COS(AX78*PI()/180)) -> 0.41 | AR78: =H78+($M$1-M78)-(AN78-Q78)*(COS(S78*PI()/180))*(SIN((T78+13+2.3)*PI()/180)) -> 635181.37 | AS78: =I78+($N$1-N78)-(AN78-Q78)*(COS(S78*PI()/180))*(COS((T78+13+2.3)*PI()/180)) -> 3048825.1 | AT78: =J78+($O$1-O78)-R78+AN78-(AN78-Q78)*(SIN(S78*PI()/180))-L78 -> 129.131
A79: EJ63 | B79: 10-01-24 | C79: 15:44 | D79: NO | G79: rrc_20240110_gla | H79: 635820.31 | I79: 3049328.5 | J79: 172.386 | K79: RTK | L79: 0.001 | M79: 633905.23 | N79: 3049240.4 | O79: 56.39 | P79: Altura antena 0,001 incluida en Zm vía data controller; por eso se corrigen en Excel Delta_ant y hm. Sobre estaca | Q79: 1.71 | R79: 1.711 | S79: 90 | U79: 2.4 | V79: 2.4 | W79: 2.4 | X79: 2.4 | Y79: 2.4 | AM79: =AVERAGE(U79:AC79) -> 2.4 | AN79: 3.67 | AO79: ESTACA NUEVA. "Sustituye" a EJ55 perdida. PERO desplazada para alejarla del frente | AQ79: =AN79-(AN79-Q79)*(SIN((S79+AX79)*PI()/180))/(COS(AX79*PI()/180)) -> 1.71 | AR79: =H79+($M$1-M79)-(AN79-Q79)*(COS(S79*PI()/180))*(SIN((T79+13+2.3)*PI()/180)) -> 635820.31 | AS79: =I79+($N$1-N79)-(AN79-Q79)*(COS(S79*PI()/180))*(COS((T79+13+2.3)*PI()/180)) -> 3049328.5 | AT79: =J79+($O$1-O79)-R79+AN79-(AN79-Q79)*(SIN(S79*PI()/180))-L79 -> 172.274

Sheet Estacas Johnsons mto.
A1: Campaña | B1: 2023-2024 | C1: Tanda | D1: a | E1: Operador | F1: Ricardo Rodríguez Cielos | G1: Instrumento | H1: Trimble R8S+TSC3(bluetooth) | L1: X0,Y0,Z0 | M1: 633905.22 | N1: 3049240.4 | O1: =56.475-0.11 -> 56.365 | P1: Mto. estacas JOHNSONS 1ª fase 2023/2024
A2: Id. estaca | B2: Fecha | C2: Hora (UT) | D2: ¿Mto.? | E2: PreMtoFecha | F2: PreMtoHora | G2: Fichero fuente | H2: Xm (E-UTM) | I2: Ym (N-UTM) | J2: Zm (WGS84) | K2: Código | L2: Dant | M2: Xr (E-UTM) | N2: Yr (N-UTM) | O2: Zr (WGS84) | P2: Comentarios sobre medida GPS | Q2: he (m) | R2: hm (m) | S2: e(deg) | T2: fm(deg) | Y2: H usados en media (m) | AH2: H no usados en media (m) | AM2: H (m) | AN2: l (m) | AO2: Comentarios medidas manuales | AP2: Recursos gráficos asociados | AQ2: h (m) | AR2: X (E-UTM) | AS2: Y (N-UTM) | AT2: Z (WGS84) | AU2: ¿40? | AV2: Coment. sobre medida corregida | AW2: Dh (m) | AX2: a(deg)
B3: dd-mm-aa | C3: hh:mm | D3: SÍ o vacío | E3: dd-mm-aa | F3: hh:mm | H3: Jaime Otero y Unai Letamendia | I3: yyyyyyy,yy | J3: zzz,zz | M3: xxxxxx,xxx | N3: yyyyyyy,yyy | O3: zzz,zzz | Q3: hh,hh | R3: hh,hh | S3: g | AQ3: hh,hh | AR3: xxxxxx,xx | AS3: yyyyyyy,yy | AT3: zzz,zz
A5: EJ01
A6: EJ02
A7: EJ03 | D7: SÍ | S7: 90 | AM7: =AVERAGE(U7:AC7) -> #DIV/0! | AN7: 3.67 | AQ7: =AN7-(AN7-Q7)*(SIN((S7+AX7)*PI()/180))/(COS(AX7*PI()/180)) -> 0 | AR7: =H7+($M$1-M7)-(AN7-Q7)*(COS(S7*PI()/180))*(SIN((T7+13+2.3)*PI()/180)) -> 633905.22 | AS7: =I7+($N$1-N7)-(AN7-Q7)*(COS(S7*PI()/180))*(COS((T7+13+2.3)*PI()/180)) -> 3049240.4 | AT7: =J7+($O$1-O7)-R7+AN7-(AN7-Q7)*(SIN(S7*PI()/180))-L7 -> 56.365 | AW7: =AQ7-'Estacas Johnsons'!AQ7 -> 0.05
A8: EJ03r
A9: EJ04 | D9: SÍ | S9: 90 | AM9: =AVERAGE(U9:AC9) -> #DIV/0! | AN9: 3.67 | AQ9: =AN9-(AN9-Q9)*(SIN((S9+AX9)*PI()/180))/(COS(AX9*PI()/180)) -> 0 | AR9: =H9+($M$1-M9)-(AN9-Q9)*(COS(S9*PI()/180))*(SIN((T9+13+2.3)*PI()/180)) -> 633905.22 | AS9: =I9+($N$1-N9)-(AN9-Q9)*(COS(S9*PI()/180))*(COS((T9+13+2.3)*PI()/180)) -> 3049240.4 | AT9: =J9+($O$1-O9)-R9+AN9-(AN9-Q9)*(SIN(S9*PI()/180))-L9 -> 56.365 | AW9: =AQ9-'Estacas Johnsons'!AQ9 -> 0.25
A10: EJ04r
A11: EJ05 | D11: SÍ | S11: 90 | AM11: =AVERAGE(U11:AC11) -> #DIV/0! | AN11: 3.67 | AQ11: =AN11-(AN11-Q11)*(SIN((S11+AX11)*PI()/180))/(COS(AX11*PI()/180)) -> 0 | AR11: =H11+($M$1-M11)-(AN11-Q11)*(COS(S11*PI()/180))*(SIN((T11+13+2.3)*PI()/180)) -> 633905.22 | AS11: =I11+($N$1-N11)-(AN11-Q11)*(COS(S11*PI()/180))*(COS((T11+13+2.3)*PI()/180)) -> 3049240.4 | AT11: =J11+($O$1-O11)-R11+AN11-(AN11-Q11)*(SIN(S11*PI()/180))-L11 -> 56.365 | AW11: =AQ11-'Estacas Johnsons'!AQ11 -> 0.04
A12: EJ05r
A13: EJ06
A14: EJ06r
A15: EJ07
A16: EJ08
A17: EJ09 | D17: SÍ | S17: 90 | AM17: =AVERAGE(U17:AC17) -> #DIV/0! | AN17: 3.67
A18: EJ10 | D18: SÍ | S18: 90 | AM18: =AVERAGE(U18:AC18) -> #DIV/0! | AN18: 3.67 | AQ18: =AN18-(AN18-Q18)*(SIN((S18+AX18)*PI()/180))/(COS(AX18*PI()/180)) -> 0 | AR18: =H18+($M$1-M18)-(AN18-Q18)*(COS(S18*PI()/180))*(SIN((T18+13+2.3)*PI()/180)) -> 633905.22 | AS18: =I18+($N$1-N18)-(AN18-Q18)*(COS(S18*PI()/180))*(COS((T18+13+2.3)*PI()/180)) -> 3049240.4 | AT18: =J18+($O$1-O18)-R18+AN18-(AN18-Q18)*(SIN(S18*PI()/180))-L18 -> 56.365 | AW18: =AQ18-'Estacas Johnsons'!AQ18 -> 0.32
A19: EJ10r
A20: EJ11
A21: EJ11r
A22: EJ12
A23: EJ13
A24: EJ14
A25: EJ14r
A26: EJ15
A27: EJ16
A28: EJ16r
A29: EJ17
A30: EJ17r
... A36: EJ20r
A37: EJ21 | D37: SÍ | S37: 90 | AM37: =AVERAGE(U37:AC37) -> #DIV/0! | AN37: 3.67 | AQ37: =AN37-(AN37-Q37)*(SIN((S37+AX37)*PI()/180))/(COS(AX37*PI()/180)) -> 0 | AR37: =H37+($M$1-M37)-(AN37-Q37)*(COS(S37*PI()/180))*(SIN((T37+13+2.3)*PI()/180)) -> 633905.22 | AS37: =I37+($N$1-N37)-(AN37-Q37)*(COS(S37*PI()/180))*(COS((T37+13+2.3)*PI()/180)) -> 3049240.4 | AT37: =J37+($O$1-O37)-R37+AN37-(AN37-Q37)*(SIN(S37*PI()/180))-L37 -> 56.365 | AW37: =AQ37-'Estacas Johnsons'!AQ37 -> 0.28
A38: EJ22 | D38: SÍ | S38: 90 | AM38: =AVERAGE(U38:AC38) -> #DIV/0! | AN38: 3.67 | AQ38: =AN38-(AN38-Q38)*(SIN((S38+AX38)*PI()/180))/(COS(AX38*PI()/180)) -> 0 | AR38: =H38+($M$1-M38)-(AN38-Q38)*(COS(S38*PI()/180))*(SIN((T38+13+2.3)*PI()/180)) -> 633905.22 | AS38: =I38+($N$1-N38)-(AN38-Q38)*(COS(S38*PI()/180))*(COS((T38+13+2.3)*PI()/180)) -> 3049240.4 | AT38: =J38+($O$1-O38)-R38+AN38-(AN38-Q38)*(SIN(S38*PI()/180))-L38 -> 56.365 | AW38: =AQ38-'Estacas Johnsons'!AQ38 -> -0.96
A39: EJ23 | D39: SÍ | S39: 90 | AM39: =AVERAGE(U39:AC39) -> #DIV/0! | AN39: 3.67 | AQ39: =AN39-(AN39-Q39)*(SIN((S39+AX39)*PI()/180))/(COS(AX39*PI()/180)) -> 0 | AR39: =H39+($M$1-M39)-(AN39-Q39)*(COS(S39*PI()/180))*(SIN((T39+13+2.3)*PI()/180)) -> 633905.22 | AS39: =I39+($N$1-N39)-(AN39-Q39)*(COS(S39*PI()/180))*(COS((T39+13+2.3)*PI()/180)) -> 3049240.4 | AT39: =J39+($O$1-O39)-R39+AN39-(AN39-Q39)*(SIN(S39*PI()/180))-L39 -> 56.365 | AW39: =AQ39-'Estacas Johnsons'!AQ39 -> -0.92
A40: EJ24 | D40: SÍ | S40: 90 | AM40: =AVERAGE(U40:AC40) -> #DIV/0! | AN40: 3.67 | AQ40: =AN40-(AN40-Q40)*(SIN((S40+AX40)*PI()/180))/(COS(AX40*PI()/180)) -> 0 | AR40: =H40+($M$1-M40)-(AN40-Q40)*(COS(S40*PI()/180))*(SIN((T40+13+2.3)*PI()/180)) -> 633905.22 | AS40: =I40+($N$1-N40)-(AN40-Q40)*(COS(S40*PI()/180))*(COS((T40+13+2.3)*PI()/180)) -> 3049240.4 | AT40: =J40+($O$1-O40)-R40+AN40-(AN40-Q40)*(SIN(S40*PI()/180))-L40 -> 56.365 | AW40: =AQ40-'Estacas Johnsons'!AQ40 -> -0.48
A41: EJ25
A42: EJ26 | D42: SÍ | S42: 90 | AM42: =AVERAGE(U42:AC42) -> #DIV/0! | AN42: 3.67 | AQ42: =AN42-(AN42-Q42)*(SIN((S42+AX42)*PI()/180))/(COS(AX42*PI()/180)) -> 0 | AR42: =H42+($M$1-M42)-(AN42-Q42)*(COS(S42*PI()/180))*(SIN((T42+13+2.3)*PI()/180)) -> 633905.22 | AS42: =I42+($N$1-N42)-(AN42-Q42)*(COS(S42*PI()/180))*(COS((T42+13+2.3)*PI()/180)) -> 3049240.4 | AT42: =J42+($O$1-O42)-R42+AN42-(AN42-Q42)*(SIN(S42*PI()/180))-L42 -> 56.365 | AW42: =AQ42-'Estacas Johnsons'!AQ42 -> 0.12
A43: EJ27 | D43: SÍ | S43: 90 | AM43: =AVERAGE(U43:AC43) -> #DIV/0! | AN43: 3.67 | AQ43: =AN43-(AN43-Q43)*(SIN((S43+AX43)*PI()/180))/(COS(AX43*PI()/180)) -> 0 | AR43: =H43+($M$1-M43)-(AN43-Q43)*(COS(S43*PI()/180))*(SIN((T43+13+2.3)*PI()/180)) -> 633905.22 | AS43: =I43+($N$1-N43)-(AN43-Q43)*(COS(S43*PI()/180))*(COS((T43+13+2.3)*PI()/180)) -> 3049240.4 | AT43: =J43+($O$1-O43)-R43+AN43-(AN43-Q43)*(SIN(S43*PI()/180))-L43 -> 56.365 | AW43: =AQ43-'Estacas Johnsons'!AQ43 -> -0.95
A44: EJ28
A45: EJ29
A46: EJ30 | D46: SÍ | S46: 90 | AM46: =AVERAGE(U46:AC46) -> #DIV/0! | AN46: 3.67 | AQ46: =AN46-(AN46-Q46)*(SIN((S46+AX46)*PI()/180))/(COS(AX46*PI()/180)) -> 0 | AR46: =H46+($M$1-M46)-(AN46-Q46)*(COS(S46*PI()/180))*(SIN((T46+13+2.3)*PI()/180)) -> 633905.22 | AS46: =I46+($N$1-N46)-(AN46-Q46)*(COS(S46*PI()/180))*(COS((T46+13+2.3)*PI()/180)) -> 3049240.4 | AT46: =J46+($O$1-O46)-R46+AN46-(AN46-Q46)*(SIN(S46*PI()/180))-L46 -> 56.365 | AW46: =AQ46-'Estacas Johnsons'!AQ46 -> 0.14
A47: EJ31 | D47: SÍ | S47: 90 | AM47: =AVERAGE(U47:AC47) -> #DIV/0! | AN47: 3.67 | AQ47: =AN47-(AN47-Q47)*(SIN((S47+AX47)*PI()/180))/(COS(AX47*PI()/180)) -> 0 | AR47: =H47+($M$1-M47)-(AN47-Q47)*(COS(S47*PI()/180))*(SIN((T47+13+2.3)*PI()/180)) -> 633905.22 | AS47: =I47+($N$1-N47)-(AN47-Q47)*(COS(S47*PI()/180))*(COS((T47+13+2.3)*PI()/180)) -> 3049240.4 | AT47: =J47+($O$1-O47)-R47+AN47-(AN47-Q47)*(SIN(S47*PI()/180))-L47 -> 56.365 | AW47: =AQ47-'Estacas Johnsons'!AQ47 -> 0.25
A48: EJ32
A49: EJ33
A50: EJ34 | D50: SÍ | S50: 90 | AM50: =AVERAGE(U50:AC50) -> #DIV/0! | AN50: 3.67 | AQ50: =AN50-(AN50-Q50)*(SIN((S50+AX50)*PI()/180))/(COS(AX50*PI()/180)) -> 0 | AR50: =H50+($M$1-M50)-(AN50-Q50)*(COS(S50*PI()/180))*(SIN((T50+13+2.3)*PI()/180)) -> 633905.22 | AS50: =I50+($N$1-N50)-(AN50-Q50)*(COS(S50*PI()/180))*(COS((T50+13+2.3)*PI()/180)) -> 3049240.4 | AT50: =J50+($O$1-O50)-R50+AN50-(AN50-Q50)*(SIN(S50*PI()/180))-L50 -> 56.365 | AW50: =AQ50-'Estacas Johnsons'!AQ50 -> 0.19
A51: EJ35 | D51: SÍ | S51: 90 | AM51: =AVERAGE(U51:AC51) -> #DIV/0! | AN51: 3.67 | AQ51: =AN51-(AN51-Q51)*(SIN((S51+AX51)*PI()/180))/(COS(AX51*PI()/180)) -> 0 | AR51: =H51+($M$1-M51)-(AN51-Q51)*(COS(S51*PI()/180))*(SIN((T51+13+2.3)*PI()/180)) -> 633905.22 | AS51: =I51+($N$1-N51)-(AN51-Q51)*(COS(S51*PI()/180))*(COS((T51+13+2.3)*PI()/180)) -> 3049240.4 | AT51: =J51+($O$1-O51)-R51+AN51-(AN51-Q51)*(SIN(S51*PI()/180))-L51 -> 56.365 | AW51: =AQ51-'Estacas Johnsons'!AQ51 -> -0.01
A52: EJ36
A53: EJ37
A54: EJ38
A55: EJ39 | D55: SÍ | S55: 90 | AM55: =AVERAGE(U55:AC55) -> #DIV/0! | AN55: 3.67 | AQ55: =AN55-(AN55-Q55)*(SIN((S55+AX55)*PI()/180))/(COS(AX55*PI()/180)) -> 0 | AR55: =H55+($M$1-M55)-(AN55-Q55)*(COS(S55*PI()/180))*(SIN((T55+13+2.3)*PI()/180)) -> 633905.22 | AS55: =I55+($N$1-N55)-(AN55-Q55)*(COS(S55*PI()/180))*(COS((T55+13+2.3)*PI()/180)) -> 3049240.4 | AT55: =J55+($O$1-O55)-R55+AN55-(AN55-Q55)*(SIN(S55*PI()/180))-L55 -> 56.365 | AW55: =AQ55-'Estacas Johnsons'!AQ55 -> -0.1
A56: EJ40
A57: EJ41
A58: EJ42
A59: EJ43
A60: EJ44
A61: EJ45 | D61: SÍ | S61: 90 | AM61: =AVERAGE(U61:AC61) -> #DIV/0! | AN61: 3.67 | AQ61: =AN61-(AN61-Q61)*(SIN((S61+AX61)*PI()/180))/(COS(AX61*PI()/180)) -> 0 | AR61: =H61+($M$1-M61)-(AN61-Q61)*(COS(S61*PI()/180))*(SIN((T61+13+2.3)*PI()/180)) -> 633905.22 | AS61: =I61+($N$1-N61)-(AN61-Q61)*(COS(S61*PI()/180))*(COS((T61+13+2.3)*PI()/180)) -> 3049240.4 | AT61: =J61+($O$1-O61)-R61+AN61-(AN61-Q61)*(SIN(S61*PI()/180))-L61 -> 56.365 | AW61: =AQ61-'Estacas Johnsons'!AQ61 -> -1.91
A62: EJ46
A63: EJ47
A64: EJ48 | D64: SÍ | S64: 90 | AM64: =AVERAGE(U64:AC64) -> #DIV/0! | AN64: 3.67 | AQ64: =AN64-(AN64-Q64)*(SIN((S64+AX64)*PI()/180))/(COS(AX64*PI()/180)) -> 0 | AR64: =H64+($M$1-M64)-(AN64-Q64)*(COS(S64*PI()/180))*(SIN((T64+13+2.3)*PI()/180)) -> 633905.22 | AS64: =I64+($N$1-N64)-(AN64-Q64)*(COS(S64*PI()/180))*(COS((T64+13+2.3)*PI()/180)) -> 3049240.4 | AT64: =J64+($O$1-O64)-R64+AN64-(AN64-Q64)*(SIN(S64*PI()/180))-L64 -> 56.365 | AW64: =AQ64-'Estacas Johnsons'!AQ64 -> -0.24
A65: EJ49
A66: EJ50 | D66: SÍ | S66: 90 | AM66: =AVERAGE(U66:AC66) -> #DIV/0! | AN66: 3.67 | AQ66: =AN66-(AN66-Q66)*(SIN((S66+AX66)*PI()/180))/(COS(AX66*PI()/180)) -> 0 | AR66: =H66+($M$1-M66)-(AN66-Q66)*(COS(S66*PI()/180))*(SIN((T66+13+2.3)*PI()/180)) -> 633905.22 | AS66: =I66+($N$1-N66)-(AN66-Q66)*(COS(S66*PI()/180))*(COS((T66+13+2.3)*PI()/180)) -> 3049240.4 | AT66: =J66+($O$1-O66)-R66+AN66-(AN66-Q66)*(SIN(S66*PI()/180))-L66 -> 56.365 | AW66: =AQ66-'Estacas Johnsons'!AQ66 -> -1.46
A67: EJ51 | D67: SÍ | S67: 90 | AM67: =AVERAGE(U67:AC67) -> #DIV/0! | AN67: 3.67 | AQ67: =AN67-(AN67-Q67)*(SIN((S67+AX67)*PI()/180))/(COS(AX67*PI()/180)) -> 0 | AR67: =H67+($M$1-M67)-(AN67-Q67)*(COS(S67*PI()/180))*(SIN((T67+13+2.3)*PI()/180)) -> 633905.22 | AS67: =I67+($N$1-N67)-(AN67-Q67)*(COS(S67*PI()/180))*(COS((T67+13+2.3)*PI()/180)) -> 3049240.4 | AT67: =J67+($O$1-O67)-R67+AN67-(AN67-Q67)*(SIN(S67*PI()/180))-L67 -> 56.365 | AW67: =AQ67-'Estacas Johnsons'!AQ67 -> -1.21
A68: EJ52
A69: EJ53
A70: EJ54 | D70: SÍ | S70: 90 | AM70: =AVERAGE(U70:AC70) -> #DIV/0! | AN70: 3.67 | AQ70: =AN70-(AN70-Q70)*(SIN((S70+AX70)*PI()/180))/(COS(AX70*PI()/180)) -> 0 | AR70: =H70+($M$1-M70)-(AN70-Q70)*(COS(S70*PI()/180))*(SIN((T70+13+2.3)*PI()/180)) -> 633905.22 | AS70: =I70+($N$1-N70)-(AN70-Q70)*(COS(S70*PI()/180))*(COS((T70+13+2.3)*PI()/180)) -> 3049240.4 | AT70: =J70+($O$1-O70)-R70+AN70-(AN70-Q70)*(SIN(S70*PI()/180))-L70 -> 56.365 | AW70: =AQ70-'Estacas Johnsons'!AQ70 -> 1.1475041
A71: EJ55 | D71: SÍ | S71: 90 | AM71: =AVERAGE(U71:AC71) -> #DIV/0! | AN71: 3.67 | AQ71: =AN71-(AN71-Q71)*(SIN((S71+AX71)*PI()/180))/(COS(AX71*PI()/180)) -> 0 | AR71: =H71+($M$1-M71)-(AN71-Q71)*(COS(S71*PI()/180))*(SIN((T71+13+2.3)*PI()/180)) -> 633905.22 | AS71: =I71+($N$1-N71)-(AN71-Q71)*(COS(S71*PI()/180))*(COS((T71+13+2.3)*PI()/180)) -> 3049240.4 | AT71: =J71+($O$1-O71)-R71+AN71-(AN71-Q71)*(SIN(S71*PI()/180))-L71 -> 56.365 | AW71: =AQ71-'Estacas Johnsons'!AQ71 -> 0
A72: EJ56
A73: EJ57 | D73: SÍ | S73: 90 | AM73: =AVERAGE(U73:AC73) -> #DIV/0! | AN73: 3.67 | AQ73: =AN73-(AN73-Q73)*(SIN((S73+AX73)*PI()/180))/(COS(AX73*PI()/180)) -> 0 | AR73: =H73+($M$1-M73)-(AN73-Q73)*(COS(S73*PI()/180))*(SIN((T73+13+2.3)*PI()/180)) -> 633905.22 | AS73: =I73+($N$1-N73)-(AN73-Q73)*(COS(S73*PI()/180))*(COS((T73+13+2.3)*PI()/180)) -> 3049240.4 | AT73: =J73+($O$1-O73)-R73+AN73-(AN73-Q73)*(SIN(S73*PI()/180))-L73 -> 56.365 | AW73: =AQ73-'Estacas Johnsons'!AQ73 -> -0.18
A74: EJ58 | D74: SÍ | S74: 90 | AM74: =AVERAGE(U74:AC74) -> #DIV/0! | AN74: 3.67 | AQ74: =AN74-(AN74-Q74)*(SIN((S74+AX74)*PI()/180))/(COS(AX74*PI()/180)) -> 0 | AR74: =H74+($M$1-M74)-(AN74-Q74)*(COS(S74*PI()/180))*(SIN((T74+13+2.3)*PI()/180)) -> 633905.22 | AS74: =I74+($N$1-N74)-(AN74-Q74)*(COS(S74*PI()/180))*(COS((T74+13+2.3)*PI()/180)) -> 3049240.4 | AT74: =J74+($O$1-O74)-R74+AN74-(AN74-Q74)*(SIN(S74*PI()/180))-L74 -> 56.365 | AW74: =AQ74-'Estacas Johnsons'!AQ74 -> -0.06
A75: EJ59 | D75: SÍ | S75: 90 | AM75: =AVERAGE(U75:AC75) -> #DIV/0! | AN75: 3.67 | AQ75: =AN75-(AN75-Q75)*(SIN((S75+AX75)*PI()/180))/(COS(AX75*PI()/180)) -> 0 | AR75: =H75+($M$1-M75)-(AN75-Q75)*(COS(S75*PI()/180))*(SIN((T75+13+2.3)*PI()/180)) -> 633905.22 | AS75: =I75+($N$1-N75)-(AN75-Q75)*(COS(S75*PI()/180))*(COS((T75+13+2.3)*PI()/180)) -> 3049240.4 | AT75: =J75+($O$1-O75)-R75+AN75-(AN75-Q75)*(SIN(S75*PI()/180))-L75 -> 56.365 | AW75: =AQ75-'Estacas Johnsons'!AQ75 -> 0.07
A76: EJ60 | D76: SÍ | S76: 90 | AM76: =AVERAGE(U76:AC76) -> #DIV/0! | AN76: 3.67 | AQ76: =AN76-(AN76-Q76)*(SIN((S76+AX76)*PI()/180))/(COS(AX76*PI()/180)) -> 0 | AR76: =H76+($M$1-M76)-(AN76-Q76)*(COS(S76*PI()/180))*(SIN((T76+13+2.3)*PI()/180)) -> 633905.22 | AS76: =I76+($N$1-N76)-(AN76-Q76)*(COS(S76*PI()/180))*(COS((T76+13+2.3)*PI()/180)) -> 3049240.4 | AT76: =J76+($O$1-O76)-R76+AN76-(AN76-Q76)*(SIN(S76*PI()/180))-L76 -> 56.365 | AW76: =AQ76-'Estacas Johnsons'!AQ76 -> 0.2
A77: EJ61 | D77: SÍ | S77: 90 | AM77: =AVERAGE(U77:AC77) -> #DIV/0! | AN77: 3.67 | AQ77: =AN77-(AN77-Q77)*(SIN((S77+AX77)*PI()/180))/(COS(AX77*PI()/180)) -> 0 | AR77: =H77+($M$1-M77)-(AN77-Q77)*(COS(S77*PI()/180))*(SIN((T77+13+2.3)*PI()/180)) -> 633905.22 | AS77: =I77+($N$1-N77)-(AN77-Q77)*(COS(S77*PI()/180))*(COS((T77+13+2.3)*PI()/180)) -> 3049240.4 | AT77: =J77+($O$1-O77)-R77+AN77-(AN77-Q77)*(SIN(S77*PI()/180))-L77 -> 56.365 | AW77: =AQ77-'Estacas Johnsons'!AQ77 -> -0.09
A78: EJ62 | D78: SÍ | S78: 90 | AM78: =AVERAGE(U78:AC78) -> #DIV/0! | AN78: 3.67 | AQ78: =AN78-(AN78-Q78)*(SIN((S78+AX78)*PI()/180))/(COS(AX78*PI()/180)) -> 0 | AR78: =H78+($M$1-M78)-(AN78-Q78)*(COS(S78*PI()/180))*(SIN((T78+13+2.3)*PI()/180)) -> 633905.22 | AS78: =I78+($N$1-N78)-(AN78-Q78)*(COS(S78*PI()/180))*(COS((T78+13+2.3)*PI()/180)) -> 3049240.4 | AT78: =J78+($O$1-O78)-R78+AN78-(AN78-Q78)*(SIN(S78*PI()/180))-L78 -> 56.365 | AW78: =AQ78-'Estacas Johnsons'!AQ78 -> -0.41

Sheet RED PUNTOS CONTROL
A1: Campaña | B1: 2023-2024 | C1: Tanda | D1: a | E1: Operador | F1: Ricardo Rodríguez Cielos | G1: Instrumento | H1: Trimble R8S+TSC3(bluetooth) | K1: Medidas del punto de control junto al refugio de montaña
A2: Id.punto | B2: Fecha | C2: Hora (UT) | D2: Fichero fuente | E2: Xm (E-UTM) | F2: Ym (N-UTM) | G2: Zm (WGS84) | H2: Código | I2: Dant | J2: Xr (E-UTM) | K2: Yr (N-UTM) | L2: Zr (WGS84) | M2: Comentarios sobre medida GPS | N2: X (E-UTM) | O2: Y (N-UTM) | P2: Z (WGS84)
B3: dd-mm-aa | C3: hh:mm | E3: xxxxxx,xx | F3: yyyyyyy,yy | G3: zzz,zz | J3: xxxxxx,xxx | K3: yyyyyyy,yyy | L3: zzz,zzz | N3: xxxxxx,xx | O3: yyyyyyy,yy | P3: zzz,zz
N5: =E5 -> 0 | O5: =F5 -> 0 | P5: =G5-I5 -> 0
N6: =E6 -> 0 | O6: =F6 -> 0 | P6: =G6-I6 -> 0
N7: =E7 -> 0 | O7: =F7 -> 0 | P7: =G7-I7 -> 0
N8: =E8 -> 0 | O8: =F8 -> 0 | P8: =G8-I8 -> 0
N9: =E9 -> 0 | O9: =F9 -> 0 | P9: =G9-I9 -> 0
N10: =E10 -> 0 | O10: =F10 -> 0 | P10: =G10-I10 -> 0
N11: =E11 -> 0 | O11: =F11 -> 0 | P11: =G11-I11 -> 0
N12: =E12 -> 0 | O12: =F12 -> 0 | P12: =G12-I12 -> 0
N13: =E13 -> 0 | O13: =F13 -> 0 | P13: =G13-I13 -> 0
N14: =E14 -> 0 | O14: =F14 -> 0 | P14: =G14-I14 -> 0
N15: =E15 -> 0 | O15: =F15 -> 0 | P15: =G15-I15 -> 0
N16: =E16 -> 0 | O16: =F16 -> 0 | P16: =G16-I16 -> 0
... N23: =E23 -> 0 | O23: =F23 -> 0 | P23: =G23-I23 -> 0

Sheet CorrInclinSepult
A1: Id. estaca | B1: Xm* (E-UTM) | C1: Ym* (N-UTM) | D1: Zm* (WGS84) | E1: e(deg) | F1: fm(deg) | G1: he* (m) | H1: hm* (m) | I1: a(deg) | J1: he (m) | K1: hm = hm*(m) | L1: Xm (E-UTM) | M1: Ym (N-UTM) | N1: Zm (WGS84)
J2: =G2*COS(I2*PI()/180)/SIN((E2+I2)*PI()/180) -> #DIV/0! | K2: =H2 -> 0 | L2: =B2-(J2*COS(E2*PI()/180))*SIN((F2-13)*PI()/180) -> #DIV/0! | M2: =C2-(J2*COS(E2*PI()/180))*COS((F2-13)*PI()/180) -> #DIV/0! | N2: =D2+G2*COS(E2*PI()/180)*SIN(I2*PI()/180)/SIN((E2+I2)*PI()/180) -> #DIV/0!
J3: =G3*COS(I3*PI()/180)/SIN((E3+I3)*PI()/180) -> #DIV/0! | K3: =H3 -> 0 | L3: =B3-(J3*COS(E3*PI()/180))*SIN((F3-13)*PI()/180) -> #DIV/0! | M3: =C3-(J3*COS(E3*PI()/180))*COS((F3-13)*PI()/180) -> #DIV/0! | N3: =D3+G3*COS(E3*PI()/180)*SIN(I3*PI()/180)/SIN((E3+I3)*PI()/180) -> #DIV/0!
J4: =G4*COS(I4*PI()/180)/SIN((E4+I4)*PI()/180) -> #DIV/0! | K4: =H4 -> 0 | L4: =B4-(J4*COS(E4*PI()/180))*SIN((F4-13)*PI()/180) -> #DIV/0! | M4: =C4-(J4*COS(E4*PI()/180))*COS((F4-13)*PI()/180) -> #DIV/0! | N4: =D4+G4*COS(E4*PI()/180)*SIN(I4*PI()/180)/SIN((E4+I4)*PI()/180) -> #DIV/0!
J5: =G5*COS(I5*PI()/180)/SIN((E5+I5)*PI()/180) -> #DIV/0! | K5: =H5 -> 0 | L5: =B5-(J5*COS(E5*PI()/180))*SIN((F5-13)*PI()/180) -> #DIV/0! | M5: =C5-(J5*COS(E5*PI()/180))*COS((F5-13)*PI()/180) -> #DIV/0! | N5: =D5+G5*COS(E5*PI()/180)*SIN(I5*PI()/180)/SIN((E5+I5)*PI()/180) -> #DIV/0!
J6: =G6*COS(I6*PI()/180)/SIN((E6+I6)*PI()/180) -> #DIV/0! | K6: =H6 -> 0 | L6: =B6-(J6*COS(E6*PI()/180))*SIN((F6-13)*PI()/180) -> #DIV/0! | M6: =C6-(J6*COS(E6*PI()/180))*COS((F6-13)*PI()/180) -> #DIV/0! | N6: =D6+G6*COS(E6*PI()/180)*SIN(I6*PI()/180)/SIN((E6+I6)*PI()/180) -> #DIV/0!
J7: =G7*COS(I7*PI()/180)/SIN((E7+I7)*PI()/180) -> #DIV/0! | K7: =H7 -> 0 | L7: =B7-(J7*COS(E7*PI()/180))*SIN((F7-13)*PI()/180) -> #DIV/0! | M7: =C7-(J7*COS(E7*PI()/180))*COS((F7-13)*PI()/180) -> #DIV/0! | N7: =D7+G7*COS(E7*PI()/180)*SIN(I7*PI()/180)/SIN((E7+I7)*PI()/180) -> #DIV/0!
J8: =G8*COS(I8*PI()/180)/SIN((E8+I8)*PI()/180) -> #DIV/0! | K8: =H8 -> 0 | L8: =B8-(J8*COS(E8*PI()/180))*SIN((F8-13)*PI()/180) -> #DIV/0! | M8: =C8-(J8*COS(E8*PI()/180))*COS((F8-13)*PI()/180) -> #DIV/0! | N8: =D8+G8*COS(E8*PI()/180)*SIN(I8*PI()/180)/SIN((E8+I8)*PI()/180) -> #DIV/0!
J9: =G9*COS(I9*PI()/180)/SIN((E9+I9)*PI()/180) -> #DIV/0! | K9: =H9 -> 0 | L9: =B9-(J9*COS(E9*PI()/180))*SIN((F9-13)*PI()/180) -> #DIV/0! | M9: =C9-(J9*COS(E9*PI()/180))*COS((F9-13)*PI()/180) -> #DIV/0! | N9: =D9+G9*COS(E9*PI()/180)*SIN(I9*PI()/180)/SIN((E9+I9)*PI()/180) -> #DIV/0!
J10: =G10*COS(I10*PI()/180)/SIN((E10+I10)*PI()/180) -> #DIV/0! | K10: =H10 -> 0 | L10: =B10-(J10*COS(E10*PI()/180))*SIN((F10-13)*PI()/180) -> #DIV/0! | M10: =C10-(J10*COS(E10*PI()/180))*COS((F10-13)*PI()/180) -> #DIV/0! | N10: =D10+G10*COS(E10*PI()/180)*SIN(I10*PI()/180)/SIN((E10+I10)*PI()/180) -> #DIV/0!
J11: =G11*COS(I11*PI()/180)/SIN((E11+I11)*PI()/180) -> #DIV/0! | K11: =H11 -> 0 | L11: =B11-(J11*COS(E11*PI()/180))*SIN((F11-13)*PI()/180) -> #DIV/0! | M11: =C11-(J11*COS(E11*PI()/180))*COS((F11-13)*PI()/180) -> #DIV/0! | N11: =D11+G11*COS(E11*PI()/180)*SIN(I11*PI()/180)/SIN((E11+I11)*PI()/180) -> #DIV/0!
J12: =G12*COS(I12*PI()/180)/SIN((E12+I12)*PI()/180) -> #DIV/0! | K12: =H12 -> 0 | L12: =B12-(J12*COS(E12*PI()/180))*SIN((F12-13)*PI()/180) -> #DIV/0! | M12: =C12-(J12*COS(E12*PI()/180))*COS((F12-13)*PI()/180) -> #DIV/0! | N12: =D12+G12*COS(E12*PI()/180)*SIN(I12*PI()/180)/SIN((E12+I12)*PI()/180) -> #DIV/0!
J13: =G13*COS(I13*PI()/180)/SIN((E13+I13)*PI()/180) -> #DIV/0! | K13: =H13 -> 0 | L13: =B13-(J13*COS(E13*PI()/180))*SIN((F13-13)*PI()/180) -> #DIV/0! | M13: =C13-(J13*COS(E13*PI()/180))*COS((F13-13)*PI()/180) -> #DIV/0! | N13: =D13+G13*COS(E13*PI()/180)*SIN(I13*PI()/180)/SIN((E13+I13)*PI()/180) -> #DIV/0!
... J25: =G25*COS(I25*PI()/180)/SIN((E25+I25)*PI()/180) -> #DIV/0! | K25: =H25 -> 0 | L25: =B25-(J25*COS(E25*PI()/180))*SIN((F25-13)*PI()/180) -> #DIV/0! | M25: =C25-(J25*COS(E25*PI()/180))*COS((F25-13)*PI()/180) -> #DIV/0! | N25: =D25+G25*COS(E25*PI()/180)*SIN(I25*PI()/180)/SIN((E25+I25)*PI()/180) -> #DIV/0!

Sheet Estacas Campo
A1: ESTACAS CAMPO
A2: Campaña: | E2: Tanda: | G2: Fecha: | I2: Operador:
A3: Estaca | B3: Hora local | C3: he(cm) | D3: hm(cm) | E3: e (deg) | F3: fm (deg) | G3: a (deg) | H3: H (cm) (varios valores) | I3: l (cm) | J3: Comentarios
